Date,BCI,BCIp,BCIg,USRECD
1967-02-09,100.0,100.0,0.0,0
1967-02-16,100.0,99.5,0.0,0
1967-02-23,99.6,93.1,0.0,0
1967-03-02,99.8,96.4,0.0,0
1967-03-09,99.9,98.7,0.0,0
1967-03-16,99.7,94.6,0.0,0
1967-03-23,99.9,98.4,0.0,0
1967-03-30,99.9,97.6,0.0,0
1967-04-06,99.2,85.8,0.0,0
1967-04-13,98.5,75.1,0.0,0
1967-04-20,98.9,82.2,0.0,0
1967-04-27,99.8,96.6,0.0,0
1967-05-04,100.4,100.0,0.0,0
1967-05-11,100.5,100.0,0.0,0
1967-05-18,100.1,93.4,0.0,0
1967-05-25,99.8,88.3,0.0,0
1967-06-01,100.2,95.6,0.0,0
1967-06-08,100.6,100.0,0.0,0
1967-06-15,101.4,100.0,0.0,0
1967-06-22,101.8,100.0,0.0,0
1967-06-29,102.0,100.0,0.0,0
1967-07-06,102.3,100.0,0.0,0
1967-07-13,103.1,100.0,0.0,0
1967-07-20,103.2,100.0,0.0,0
1967-07-27,103.2,99.8,0.0,0
1967-08-03,103.4,100.0,0.0,0
1967-08-10,103.4,99.9,0.0,0
1967-08-17,103.4,100.0,0.0,0
1967-08-24,103.6,100.0,0.0,0
1967-08-31,103.5,98.0,0.0,0
1967-09-07,104.0,100.0,0.0,0
1967-09-14,104.3,100.0,0.0,0
1967-09-21,104.9,100.0,0.0,0
1967-09-28,104.9,100.0,0.0,0
1967-10-05,104.7,96.7,0.0,0
1967-10-12,104.9,99.7,0.0,0
1967-10-19,104.5,93.0,0.0,0
1967-10-26,104.5,93.1,0.0,0
1967-11-02,104.6,94.3,0.0,0
1967-11-09,104.2,87.9,0.0,0
1967-11-16,104.1,87.5,0.0,0
1967-11-23,104.7,97.2,0.0,0
1967-11-30,106.1,100.0,0.0,0
1967-12-07,106.7,100.0,0.0,0
1967-12-14,107.3,100.0,0.0,0
1967-12-21,107.4,100.0,0.0,0
1967-12-28,106.6,87.4,0.0,0
1968-01-04,106.2,81.2,0.0,0
1968-01-11,106.3,82.3,0.0,0
1968-01-18,106.4,83.7,0.0,0
1968-01-25,105.6,71.7,0.0,0
1968-02-01,105.0,62.7,12.3,0
1968-02-08,104.9,60.5,11.3,0
1968-02-15,104.2,49.2,10.1,0
1968-02-22,104.2,49.3,9.2,0
1968-02-29,104.3,51.9,8.7,0
1968-03-07,103.6,40.9,7.9,0
1968-03-14,104.1,48.7,7.7,0
1968-03-21,104.1,48.5,7.5,0
1968-03-28,104.7,57.4,7.5,0
1968-04-04,105.9,76.7,8.5,0
1968-04-11,107.2,96.9,9.8,0
1968-04-18,108.5,100.0,11.7,0
1968-04-25,108.3,97.3,13.1,0
1968-05-02,108.7,100.0,14.2,0
1968-05-09,108.9,100.0,14.6,0
1968-05-16,108.8,98.3,14.4,0
1968-05-23,108.2,90.3,14.1,0
1968-05-30,108.9,100.0,13.8,0
1968-06-06,109.7,100.0,13.9,0
1968-06-13,110.6,100.0,14.4,0
1968-06-20,110.2,93.9,15.0,0
1968-06-27,109.5,84.2,15.0,0
1968-07-04,109.2,78.5,14.4,0
1968-07-11,109.7,87.3,13.7,0
1968-07-18,109.2,79.4,13.0,0
1968-07-25,108.6,69.7,12.2,0
1968-08-01,108.4,66.8,11.6,0
1968-08-08,108.4,66.6,10.8,0
1968-08-15,108.2,64.4,10.1,0
1968-08-22,108.1,62.6,9.7,0
1968-08-29,108.4,67.5,9.6,0
1968-09-05,108.9,73.9,9.6,0
1968-09-12,109.9,90.4,10.2,0
1968-09-19,110.3,96.2,11.1,0
1968-09-26,111.2,100.0,12.2,0
1968-10-03,111.6,100.0,13.2,0
1968-10-10,112.0,100.0,14.0,0
1968-10-17,111.9,98.5,14.5,0
1968-10-24,112.4,100.0,14.8,0
1968-10-31,112.4,100.0,14.9,0
1968-11-07,112.3,99.4,14.8,0
1968-11-14,112.8,100.0,14.9,0
1968-11-21,113.3,100.0,15.0,0
1968-11-28,113.3,99.4,15.2,0
1968-12-05,114.1,100.0,15.7,0
1968-12-12,114.0,99.0,16.0,0
1968-12-19,113.8,95.5,15.9,0
1968-12-26,113.2,87.2,15.7,0
1969-01-02,112.7,78.7,14.7,0
1969-01-09,111.6,62.3,13.3,0
1969-01-16,110.8,51.0,11.7,0
1969-01-23,111.0,53.7,10.4,0
1969-01-30,111.9,68.0,9.9,0
1969-02-06,112.5,75.5,10.1,0
1969-02-13,112.6,77.6,10.7,0
1969-02-20,112.5,75.9,11.2,0
1969-02-27,110.8,51.1,10.4,0
1969-03-06,110.5,46.3,9.2,0
1969-03-13,110.4,46.0,7.9,0
1969-03-20,110.2,43.0,6.7,0
1969-03-27,110.7,50.1,6.4,0
1969-04-03,111.7,65.0,6.8,0
1969-04-10,112.4,74.4,7.4,0
1969-04-17,112.6,77.2,8.3,0
1969-04-24,112.7,79.7,9.0,0
1969-05-01,113.1,84.6,9.4,0
1969-05-08,113.9,97.1,10.0,0
1969-05-15,114.3,100.0,10.6,0
1969-05-22,114.1,96.6,11.0,0
1969-05-29,113.7,91.9,11.1,0
1969-06-05,113.4,86.6,10.7,0
1969-06-12,113.2,83.8,10.0,0
1969-06-19,112.4,72.3,9.1,0
1969-06-26,111.8,62.8,8.1,0
1969-07-03,111.8,63.6,7.4,0
1969-07-10,111.9,65.4,6.7,0
1969-07-17,110.3,41.3,5.7,0
1969-07-24,109.4,28.5,4.6,0
1969-07-31,108.5,14.6,3.1,0
1969-08-07,108.6,16.0,1.6,0
1969-08-14,108.3,12.5,0.8,0
1969-08-21,108.8,19.5,0.5,0
1969-08-28,109.0,21.6,0.7,0
1969-09-04,109.1,22.9,0.9,0
1969-09-11,108.6,16.0,1.0,0
1969-09-18,108.3,11.2,0.7,0
1969-09-25,108.2,10.1,0.4,0
1969-10-02,107.5,0.1,-0.2,0
1969-10-09,107.1,-6.2,-0.7,0
1969-10-16,107.1,-6.3,-1.1,0
1969-10-23,107.5,0.3,-1.3,0
1969-10-30,107.2,-5.0,-1.3,0
1969-11-06,106.5,-14.5,-1.4,0
1969-11-13,106.4,-16.3,-1.5,0
1969-11-20,105.8,-24.7,-2.1,0
1969-11-27,104.8,-39.7,-2.9,0
1969-12-04,104.6,-42.3,-3.4,0
1969-12-11,103.5,-58.0,-4.4,0
1969-12-18,102.8,-68.9,-5.4,0
1969-12-25,102.6,-71.4,-6.0,0
1970-01-01,103.1,-65.3,-6.3,1
1970-01-08,103.1,-65.0,-6.2,1
1970-01-15,102.5,-73.5,-6.0,1
1970-01-22,101.6,-86.1,-6.2,1
1970-01-29,100.8,-98.0,-6.8,1
1970-02-05,99.8,-112.4,-7.9,1
1970-02-12,99.8,-113.6,-8.7,1
1970-02-19,99.7,-115.3,-9.2,1
1970-02-26,99.3,-120.8,-9.5,1
1970-03-05,99.5,-117.3,-9.3,1
1970-03-12,99.2,-122.3,-9.2,1
1970-03-19,98.5,-131.9,-9.3,1
1970-03-26,98.3,-135.1,-9.4,1
1970-04-02,97.2,-152.0,-10.0,1
1970-04-09,95.7,-173.2,-11.1,1
1970-04-16,94.3,-193.4,-12.4,1
1970-04-23,93.1,-211.8,-14.2,1
1970-04-30,91.7,-232.7,-15.9,1
1970-05-07,90.2,-253.7,-17.6,1
1970-05-14,88.9,-273.7,-19.3,1
1970-05-21,87.4,-295.2,-21.0,1
1970-05-28,86.7,-306.3,-22.3,1
1970-06-04,88.6,-277.9,-22.3,1
1970-06-11,88.8,-275.3,-21.7,1
1970-06-18,88.5,-279.3,-20.6,1
1970-06-25,88.8,-274.9,-19.0,1
1970-07-02,88.1,-285.4,-18.6,1
1970-07-09,87.7,-291.0,-18.3,1
1970-07-16,88.4,-281.3,-17.7,1
1970-07-23,89.1,-270.4,-16.9,1
1970-07-30,89.5,-265.2,-15.7,1
1970-08-06,89.2,-269.0,-14.4,1
1970-08-13,88.9,-273.9,-13.6,1
1970-08-20,88.7,-276.6,-13.1,1
1970-08-27,89.6,-262.5,-12.5,1
1970-09-03,89.8,-260.7,-11.6,1
1970-09-10,89.8,-260.6,-10.6,1
1970-09-17,89.4,-265.3,-9.6,1
1970-09-24,89.0,-271.4,-9.2,1
1970-10-01,89.4,-265.5,-8.8,1
1970-10-08,89.8,-260.0,-8.1,1
1970-10-15,89.1,-270.4,-7.7,1
1970-10-22,88.4,-280.0,-7.3,1
1970-10-29,88.6,-277.3,-7.1,1
1970-11-05,88.7,-276.4,-7.0,1
1970-11-12,88.8,-274.8,-6.5,1
1970-11-19,88.3,-282.6,-5.9,1
1970-11-26,87.9,-287.9,-5.7,1
1970-12-03,88.6,100.0,-5.1,0
1970-12-10,89.1,100.0,-4.3,0
1970-12-17,89.3,100.0,-3.2,0
1970-12-24,89.7,100.0,-1.7,0
1970-12-31,90.3,100.0,-0.3,0
1971-01-07,91.0,100.0,1.2,0
1971-01-14,91.8,100.0,3.0,0
1971-01-21,92.3,100.0,4.8,0
1971-01-28,93.3,100.0,6.9,0
1971-02-04,94.0,100.0,8.9,0
1971-02-11,94.5,100.0,10.7,0
1971-02-18,94.8,100.0,12.4,0
1971-02-25,94.8,100.0,13.5,0
1971-03-04,94.8,100.0,14.2,0
1971-03-11,95.5,100.0,15.0,0
1971-03-18,95.7,100.0,15.7,0
1971-03-25,95.7,100.0,16.4,0
1971-04-01,95.4,93.6,16.8,0
1971-04-08,95.4,93.4,16.9,0
1971-04-15,95.7,99.9,17.0,0
1971-04-22,95.8,100.0,17.1,0
1971-04-29,96.6,100.0,17.8,0
1971-05-06,97.2,100.0,18.8,0
1971-05-13,97.2,100.0,19.4,0
1971-05-20,97.0,95.5,19.8,0
1971-05-27,96.8,92.3,19.5,0
1971-06-03,96.8,92.8,18.9,0
1971-06-10,97.1,98.5,18.4,0
1971-06-17,97.1,97.2,18.1,0
1971-06-24,96.6,89.1,17.5,0
1971-07-01,96.4,85.7,16.9,0
1971-07-08,96.7,90.1,16.3,0
1971-07-15,97.0,95.6,15.9,0
1971-07-22,96.8,92.6,15.6,0
1971-07-29,97.3,100.0,15.7,0
1971-08-05,96.7,90.3,15.4,0
1971-08-12,96.4,84.8,14.8,0
1971-08-19,97.2,98.0,14.6,0
1971-08-26,98.0,100.0,14.7,0
1971-09-02,98.4,100.0,15.2,0
1971-09-09,98.8,100.0,16.1,0
1971-09-16,98.6,96.5,16.5,0
1971-09-23,98.3,91.2,16.3,0
1971-09-30,97.5,78.8,15.4,0
1971-10-07,97.6,79.7,14.4,0
1971-10-14,97.8,83.0,13.6,0
1971-10-21,97.2,72.4,12.6,0
1971-10-28,96.8,66.4,11.9,0
1971-11-04,96.7,63.6,11.1,0
1971-11-11,96.7,64.7,10.1,0
1971-11-18,96.2,55.6,9.3,0
1971-11-25,96.5,61.8,8.8,0
1971-12-02,97.4,76.7,8.9,0
1971-12-09,98.8,99.7,9.6,0
1971-12-16,99.3,100.0,10.9,0
1971-12-23,100.4,100.0,12.6,0
1971-12-30,101.4,100.0,14.2,0
1972-01-06,102.4,100.0,15.7,0
1972-01-13,104.0,100.0,17.8,0
1972-01-20,104.7,100.0,19.6,0
1972-01-27,105.1,100.0,21.1,0
1972-02-03,105.6,100.0,22.2,0
1972-02-10,106.1,100.0,22.8,0
1972-02-17,106.2,100.0,23.1,0
1972-02-24,106.2,99.4,23.2,0
1972-03-02,106.8,100.0,23.3,0
1972-03-09,107.5,100.0,23.6,0
1972-03-16,107.7,100.0,23.9,0
1972-03-23,107.7,99.3,24.2,0
1972-03-30,107.9,100.0,24.2,0
1972-04-06,108.4,100.0,24.1,0
1972-04-13,108.9,100.0,24.2,0
1972-04-20,109.0,100.0,24.3,0
1972-04-27,108.5,92.2,24.1,0
1972-05-04,108.3,88.9,23.5,0
1972-05-11,108.1,86.2,22.5,0
1972-05-18,108.1,86.3,21.5,0
1972-05-25,108.9,97.3,21.2,0
1972-06-01,109.9,100.0,21.6,0
1972-06-08,110.1,100.0,22.1,0
1972-06-15,110.2,100.0,22.6,0
1972-06-22,110.5,100.0,22.9,0
1972-06-29,110.8,100.0,22.8,0
1972-07-06,110.8,100.0,22.6,0
1972-07-13,110.8,99.4,22.3,0
1972-07-20,110.0,87.9,21.4,0
1972-07-27,110.7,98.0,20.8,0
1972-08-03,111.1,100.0,20.4,0
1972-08-10,112.0,100.0,20.4,0
1972-08-17,113.0,100.0,21.3,0
1972-08-24,113.7,100.0,22.2,0
1972-08-31,113.9,100.0,23.0,0
1972-09-07,114.2,100.0,23.5,0
1972-09-14,113.9,94.8,23.3,0
1972-09-21,113.9,95.7,22.7,0
1972-09-28,115.2,100.0,22.8,0
1972-10-05,116.4,100.0,23.2,0
1972-10-12,117.0,100.0,24.0,0
1972-10-19,116.9,98.4,24.7,0
1972-10-26,117.7,100.0,25.2,0
1972-11-02,118.5,100.0,25.4,0
1972-11-09,119.4,100.0,25.8,0
1972-11-16,119.9,100.0,26.4,0
1972-11-23,120.5,100.0,26.8,0
1972-11-30,121.8,100.0,27.5,0
1972-12-07,122.4,100.0,28.0,0
1972-12-14,123.7,100.0,28.9,0
1972-12-21,123.9,100.0,29.6,0
1972-12-28,122.5,80.8,28.9,0
1973-01-04,122.8,85.6,28.1,0
1973-01-11,123.5,94.5,27.1,0
1973-01-18,123.9,99.7,26.2,0
1973-01-25,124.0,100.0,26.1,0
1973-02-01,124.2,100.0,26.0,0
1973-02-08,124.3,100.0,25.6,0
1973-02-15,124.8,100.0,25.3,0
1973-02-22,124.9,100.0,25.0,0
1973-03-01,124.5,94.7,24.4,0
1973-03-08,124.7,96.5,23.9,0
1973-03-15,125.3,100.0,23.5,0
1973-03-22,125.0,95.5,22.8,0
1973-03-29,123.9,80.4,21.8,0
1973-04-05,123.7,78.0,20.7,0
1973-04-12,123.9,80.5,19.5,0
1973-04-19,124.1,83.6,18.5,0
1973-04-26,124.0,81.8,18.0,0
1973-05-03,122.8,66.6,17.1,0
1973-05-10,123.6,77.1,16.4,0
1973-05-17,122.8,65.7,15.3,0
1973-05-24,121.8,52.4,13.8,0
1973-05-31,122.0,55.4,13.0,0
1973-06-07,120.7,38.6,11.3,0
1973-06-14,121.3,46.0,10.2,0
1973-06-21,120.5,36.0,9.3,0
1973-06-28,119.9,27.2,8.1,0
1973-07-05,119.7,24.9,7.4,0
1973-07-12,119.7,24.1,6.4,0
1973-07-19,120.0,28.4,5.9,0
1973-07-26,120.5,34.9,5.8,0
1973-08-02,120.7,38.4,5.9,0
1973-08-09,120.0,29.0,5.8,0
1973-08-16,118.9,14.5,5.0,0
1973-08-23,117.6,-3.6,3.6,0
1973-08-30,117.1,-10.3,2.0,0
1973-09-06,117.1,-10.6,0.7,0
1973-09-13,116.8,-14.4,-0.3,0
1973-09-20,116.6,-16.9,-0.8,0
1973-09-27,117.1,-10.6,-0.9,0
1973-10-04,117.2,-8.8,-0.9,0
1973-10-11,117.4,-6.7,-0.7,0
1973-10-18,117.5,-4.5,-0.4,0
1973-10-25,117.1,-9.9,-0.4,0
1973-11-01,117.1,-10.2,-0.5,0
1973-11-08,115.9,-25.6,-1.0,0
1973-11-15,115.4,-33.5,-1.8,0
1973-11-22,114.0,-51.5,-3.0,0
1973-11-29,112.9,-66.2,-4.5,0
1973-12-06,111.4,-86.5,-6.0,1
1973-12-13,111.9,-79.6,-7.1,1
1973-12-20,111.3,-88.0,-7.9,1
1973-12-27,110.5,-98.0,-8.5,1
1974-01-03,110.7,-96.2,-8.5,1
1974-01-10,110.5,-99.0,-8.7,1
1974-01-17,108.5,-125.5,-9.4,1
1974-01-24,108.4,-126.6,-9.9,1
1974-01-31,107.5,-139.1,-10.7,1
1974-02-07,106.6,-150.8,-11.7,1
1974-02-14,105.6,-164.4,-12.4,1
1974-02-21,105.2,-169.5,-13.2,1
1974-02-28,105.5,-165.7,-13.4,1
1974-03-07,105.6,-163.9,-13.3,1
1974-03-14,106.1,-157.6,-12.6,1
1974-03-21,105.8,-161.1,-11.9,1
1974-03-28,105.4,-167.2,-11.4,1
1974-04-04,104.3,-181.6,-11.4,1
1974-04-11,103.9,-187.3,-11.7,1
1974-04-18,103.8,-189.1,-12.0,1
1974-04-25,103.9,-186.6,-12.1,1
1974-05-02,103.3,-194.7,-11.9,1
1974-05-09,103.8,-188.9,-11.4,1
1974-05-16,103.7,-189.5,-10.9,1
1974-05-23,102.9,-200.0,-10.7,1
1974-05-30,102.5,-206.5,-10.5,1
1974-06-06,102.4,-206.9,-10.5,1
1974-06-13,103.1,-197.2,-10.2,1
1974-06-20,102.6,-204.4,-9.8,1
1974-06-27,102.1,-211.8,-9.5,1
1974-07-04,101.5,-219.4,-9.3,1
1974-07-11,100.5,-232.1,-9.9,1
1974-07-18,100.2,-237.3,-10.3,1
1974-07-25,100.5,-232.3,-10.4,1
1974-08-01,99.2,-249.8,-10.8,1
1974-08-08,98.4,-261.1,-11.1,1
1974-08-15,97.7,-270.6,-11.5,1
1974-08-22,95.8,-295.4,-12.9,1
1974-08-29,94.2,-317.3,-14.3,1
1974-09-05,93.5,-327.1,-15.7,1
1974-09-12,92.7,-336.7,-17.1,1
1974-09-19,91.1,-359.0,-18.3,1
1974-09-26,91.0,-360.5,-19.0,1
1974-10-03,89.0,-387.4,-20.1,1
1974-10-10,88.4,-395.3,-21.2,1
1974-10-17,90.0,-372.9,-20.9,1
1974-10-24,90.2,-371.5,-20.5,1
1974-10-31,89.2,-384.4,-19.7,1
1974-11-07,89.5,-379.6,-18.4,1
1974-11-14,89.0,-386.5,-18.1,1
1974-11-21,87.1,-412.9,-18.6,1
1974-11-28,85.0,-440.2,-19.6,1
1974-12-05,84.4,-449.2,-21.0,1
1974-12-12,82.0,-480.9,-23.2,1
1974-12-19,81.1,-492.8,-24.9,1
1974-12-26,80.0,-507.3,-26.2,1
1975-01-02,79.8,-510.7,-27.3,1
1975-01-09,79.8,-510.2,-27.4,1
1975-01-16,79.4,-515.4,-27.3,1
1975-01-23,78.8,-523.1,-27.1,1
1975-01-30,78.9,-522.6,-26.6,1
1975-02-06,79.1,-520.0,-26.2,1
1975-02-13,78.9,-522.5,-25.6,1
1975-02-20,78.9,-522.0,-24.8,1
1975-02-27,78.6,-526.6,-24.2,1
1975-03-06,78.4,-529.2,-23.7,1
1975-03-13,78.3,-530.9,-23.3,1
1975-03-20,77.9,-536.0,-22.9,1
1975-03-27,77.1,-546.8,-22.8,1
1975-04-03,76.9,100.0,-22.7,0
1975-04-10,76.0,80.9,-22.9,0
1975-04-17,76.4,89.0,-22.7,0
1975-04-24,76.5,91.9,-22.1,0
1975-05-01,76.7,95.8,-21.4,0
1975-05-08,77.4,100.0,-19.9,0
1975-05-15,77.6,100.0,-18.5,0
1975-05-22,77.5,97.0,-17.2,0
1975-05-29,78.0,100.0,-15.7,0
1975-06-05,78.9,100.0,-14.1,0
1975-06-12,78.9,99.9,-12.5,0
1975-06-19,79.0,100.0,-10.9,0
1975-06-26,79.9,100.0,-9.0,0
1975-07-03,80.7,100.0,-7.1,0
1975-07-10,81.4,100.0,-4.9,0
1975-07-17,81.7,100.0,-2.5,0
1975-07-24,81.7,98.2,-0.7,0
1975-07-31,80.6,77.5,0.1,0
1975-08-07,80.3,71.0,0.2,0
1975-08-14,80.4,71.4,0.2,0
1975-08-21,80.2,67.6,0.1,0
1975-08-28,80.3,69.5,0.7,0
1975-09-04,80.9,82.7,1.7,0
1975-09-11,81.1,87.7,2.8,0
1975-09-18,80.5,75.0,3.6,0
1975-09-25,81.1,87.1,4.7,0
1975-10-02,81.1,87.1,5.3,0
1975-10-09,81.6,97.0,6.1,0
1975-10-16,82.2,100.0,7.5,0
1975-10-23,83.0,100.0,9.1,0
1975-10-30,83.1,100.0,10.7,0
1975-11-06,83.0,97.8,11.9,0
1975-11-13,83.6,100.0,13.1,0
1975-11-20,84.1,100.0,14.1,0
1975-11-27,84.7,100.0,15.4,0
1975-12-04,85.6,100.0,17.2,0
1975-12-11,85.5,98.7,18.6,0
1975-12-18,86.1,100.0,19.9,0
1975-12-25,86.7,100.0,21.0,0
1976-01-01,88.0,100.0,22.4,0
1976-01-08,89.4,100.0,24.7,0
1976-01-15,90.3,100.0,27.1,0
1976-01-22,91.3,100.0,29.6,0
1976-01-29,91.9,100.0,31.7,0
1976-02-05,92.7,100.0,33.2,0
1976-02-12,93.2,100.0,34.5,0
1976-02-19,93.4,100.0,35.2,0
1976-02-26,93.5,100.0,35.5,0
1976-03-04,93.0,90.6,34.8,0
1976-03-11,93.1,92.2,33.8,0
1976-03-18,93.2,94.6,32.9,0
1976-03-25,93.4,97.6,31.9,0
1976-04-01,93.9,100.0,31.6,0
1976-04-08,94.2,100.0,31.5,0
1976-04-15,93.9,93.5,30.9,0
1976-04-22,94.2,99.2,30.5,0
1976-04-29,93.9,94.1,29.6,0
1976-05-06,93.5,85.8,28.1,0
1976-05-13,93.5,85.8,26.9,0
1976-05-20,93.2,80.7,25.3,0
1976-05-27,93.1,79.8,24.0,0
1976-06-03,93.1,79.3,23.0,0
1976-06-10,93.1,79.9,22.0,0
1976-06-17,93.5,86.2,21.4,0
1976-06-24,94.1,97.1,21.3,0
1976-07-01,93.7,90.5,21.0,0
1976-07-08,93.4,84.9,20.4,0
1976-07-15,93.8,92.3,20.0,0
1976-07-22,93.6,88.0,19.0,0
1976-07-29,93.7,90.1,18.4,0
1976-08-05,93.8,91.9,18.1,0
1976-08-12,94.1,97.2,17.6,0
1976-08-19,94.3,100.0,17.4,0
1976-08-26,94.7,100.0,17.4,0
1976-09-02,95.3,100.0,17.6,0
1976-09-09,95.8,100.0,17.9,0
1976-09-16,96.1,100.0,18.3,0
1976-09-23,96.5,100.0,18.6,0
1976-09-30,96.2,94.9,18.4,0
1976-10-07,95.5,82.5,17.5,0
1976-10-14,95.0,75.1,16.2,0
1976-10-21,94.7,70.3,14.6,0
1976-10-28,95.2,77.9,13.5,0
1976-11-04,95.8,89.4,13.1,0
1976-11-11,95.6,84.4,12.9,0
1976-11-18,95.6,84.3,12.8,0
1976-11-25,96.4,98.7,12.9,0
1976-12-02,96.7,100.0,12.9,0
1976-12-09,97.3,100.0,13.3,0
1976-12-16,98.0,100.0,14.1,0
1976-12-23,98.2,100.0,14.6,0
1976-12-30,99.2,100.0,15.5,0
1977-01-06,100.1,100.0,16.5,0
1977-01-13,100.2,100.0,17.2,0
1977-01-20,100.5,100.0,18.0,0
1977-01-27,100.6,100.0,18.3,0
1977-02-03,100.5,99.3,18.1,0
1977-02-10,100.4,97.8,17.8,0
1977-02-17,100.0,90.4,17.1,0
1977-02-24,100.0,90.3,16.5,0
1977-03-03,100.7,100.0,16.3,0
1977-03-10,101.4,100.0,16.5,0
1977-03-17,102.2,100.0,17.4,0
1977-03-24,102.4,100.0,18.4,0
1977-03-31,102.2,96.6,18.8,0
1977-04-07,102.2,96.6,18.9,0
1977-04-14,102.8,100.0,18.9,0
1977-04-21,103.1,100.0,18.9,0
1977-04-28,103.1,99.9,19.0,0
1977-05-05,103.7,100.0,19.4,0
1977-05-12,104.3,100.0,19.7,0
1977-05-19,104.7,100.0,20.1,0
1977-05-26,104.1,91.0,20.2,0
1977-06-02,103.4,79.2,19.6,0
1977-06-09,103.7,84.1,18.8,0
1977-06-16,104.0,88.9,17.9,0
1977-06-23,104.6,98.3,17.7,0
1977-06-30,104.7,100.0,18.0,0
1977-07-07,104.7,99.1,18.0,0
1977-07-14,104.9,100.0,18.1,0
1977-07-21,105.5,100.0,18.1,0
1977-07-28,105.6,100.0,18.0,0
1977-08-04,105.2,94.4,17.8,0
1977-08-11,105.2,94.2,17.5,0
1977-08-18,105.1,92.5,16.8,0
1977-08-25,104.8,86.9,15.9,0
1977-09-01,104.3,80.2,15.0,0
1977-09-08,104.6,84.6,14.3,0
1977-09-15,104.6,83.5,13.6,0
1977-09-22,104.3,80.3,13.0,0
1977-09-29,104.7,85.2,12.9,0
1977-10-06,105.3,95.2,12.9,0
1977-10-13,105.5,98.7,13.0,0
1977-10-20,105.2,93.7,13.0,0
1977-10-27,105.2,93.8,12.9,0
1977-11-03,105.4,97.4,12.6,0
1977-11-10,105.6,100.0,12.2,0
1977-11-17,106.8,100.0,12.6,0
1977-11-24,106.8,100.0,13.1,0
1977-12-01,107.1,100.0,13.5,0
1977-12-08,106.3,87.2,13.4,0
1977-12-15,106.7,93.6,13.0,0
1977-12-22,106.7,93.5,12.5,0
1977-12-29,107.2,100.0,12.2,0
1978-01-05,107.6,100.0,12.5,0
1978-01-12,107.1,91.6,12.4,0
1978-01-19,106.9,88.8,12.1,0
1978-01-26,107.1,92.1,11.8,0
1978-02-02,106.6,84.4,11.1,0
1978-02-09,106.4,82.0,10.5,0
1978-02-16,106.7,85.4,10.2,0
1978-02-23,105.4,65.4,9.2,0
1978-03-02,105.0,59.7,8.2,0
1978-03-09,104.7,54.7,7.1,0
1978-03-16,105.2,63.2,6.3,0
1978-03-23,105.7,69.5,6.3,0
1978-03-30,105.6,68.3,6.4,0
1978-04-06,105.5,66.9,6.7,0
1978-04-13,106.0,75.7,6.9,0
1978-04-20,107.3,95.1,7.6,0
1978-04-27,108.8,100.0,9.0,0
1978-05-04,109.9,100.0,10.9,0
1978-05-11,110.5,100.0,12.9,0
1978-05-18,111.7,100.0,14.8,0
1978-05-25,112.0,100.0,16.1,0
1978-06-01,112.3,100.0,17.0,0
1978-06-08,113.5,100.0,18.2,0
1978-06-15,114.0,100.0,18.9,0
1978-06-22,113.7,95.1,19.4,0
1978-06-29,113.1,86.9,19.4,0
1978-07-06,112.8,82.5,18.7,0
1978-07-13,113.0,85.7,17.8,0
1978-07-20,113.1,87.2,17.2,0
1978-07-27,113.2,89.1,17.0,0
1978-08-03,113.9,98.7,17.2,0
1978-08-10,114.7,100.0,17.7,0
1978-08-17,114.5,96.8,18.1,0
1978-08-24,114.3,94.1,18.2,0
1978-08-31,113.7,85.8,17.8,0
1978-09-07,113.6,83.6,16.9,0
1978-09-14,114.4,95.4,16.5,0
1978-09-21,114.0,90.3,16.0,0
1978-09-28,113.6,83.2,15.5,0
1978-10-05,113.7,85.5,15.3,0
1978-10-12,114.4,95.2,14.9,0
1978-10-19,114.1,91.4,14.6,0
1978-10-26,113.0,74.8,14.0,0
1978-11-02,112.5,67.9,13.1,0
1978-11-09,112.7,70.0,12.0,0
1978-11-16,112.5,67.9,11.0,0
1978-11-23,112.9,73.2,10.7,0
1978-11-30,113.7,84.7,11.0,0
1978-12-07,113.2,77.5,11.0,0
1978-12-14,113.6,84.3,11.3,0
1978-12-21,113.0,75.0,11.1,0
1978-12-28,112.6,69.8,10.4,0
1979-01-04,112.6,69.0,9.9,0
1979-01-11,113.1,76.7,9.5,0
1979-01-18,112.8,72.6,9.2,0
1979-01-25,112.6,69.2,9.0,0
1979-02-01,112.5,67.4,8.8,0
1979-02-08,111.7,55.9,7.9,0
1979-02-15,111.3,50.7,7.1,0
1979-02-22,111.3,50.4,6.3,0
1979-03-01,110.3,36.0,5.2,0
1979-03-08,109.7,26.0,4.1,0
1979-03-15,109.8,28.7,3.3,0
1979-03-22,110.1,32.3,2.6,0
1979-03-29,110.0,31.1,2.3,0
1979-04-05,109.9,29.3,2.2,0
1979-04-12,110.3,34.9,2.3,0
1979-04-19,109.8,27.4,2.0,0
1979-04-26,110.0,31.7,1.9,0
1979-05-03,110.5,38.8,2.1,0
1979-05-10,110.6,39.5,2.1,0
1979-05-17,110.6,40.4,2.5,0
1979-05-24,111.4,52.1,3.1,0
1979-05-31,111.4,50.9,3.4,0
1979-06-07,111.2,48.4,3.7,0
1979-06-14,111.7,55.7,4.2,0
1979-06-21,111.9,58.7,4.4,0
1979-06-28,111.8,58.1,4.7,0
1979-07-05,111.6,53.9,4.9,0
1979-07-12,111.7,56.6,5.0,0
1979-07-19,110.8,42.9,4.6,0
1979-07-26,110.1,32.7,3.9,0
1979-08-02,110.2,33.8,3.4,0
1979-08-09,110.1,32.8,2.8,0
1979-08-16,110.1,33.2,2.6,0
1979-08-23,110.0,31.3,2.7,0
1979-08-30,109.9,29.2,2.7,0
1979-09-06,109.6,25.1,2.6,0
1979-09-13,109.4,22.2,2.4,0
1979-09-20,109.6,24.6,2.3,0
1979-09-27,110.0,31.3,2.5,0
1979-10-04,110.0,31.6,2.9,0
1979-10-11,109.8,27.7,3.2,0
1979-10-18,108.5,9.3,2.9,0
1979-10-25,107.1,-11.8,1.7,0
1979-11-01,106.7,-16.7,0.5,0
1979-11-08,106.5,-20.7,-0.8,0
1979-11-15,106.2,-25.3,-1.6,0
1979-11-22,106.4,-22.0,-1.7,0
1979-11-29,105.6,-33.1,-2.0,0
1979-12-06,105.2,-39.7,-2.3,0
1979-12-13,104.8,-45.7,-2.7,0
1979-12-20,104.6,-48.2,-3.2,0
1979-12-27,103.3,-66.6,-3.9,0
1980-01-03,102.7,-76.1,-4.7,0
1980-01-10,102.0,-85.6,-5.6,0
1980-01-17,102.2,-83.2,-6.3,0
1980-01-24,102.1,-85.4,-6.5,0
1980-01-31,101.8,-89.3,-6.6,0
1980-02-07,101.3,-97.0,-6.6,1
1980-02-14,101.2,-97.7,-6.7,1
1980-02-21,100.5,-108.0,-7.0,1
1980-02-28,100.0,-116.0,-7.5,1
1980-03-06,99.5,-123.2,-7.9,1
1980-03-13,98.3,-140.6,-8.8,1
1980-03-20,97.2,-155.9,-9.9,1
1980-03-27,95.5,-181.8,-11.4,1
1980-04-03,94.8,-192.0,-13.0,1
1980-04-10,94.6,-194.4,-14.1,1
1980-04-17,94.1,-202.1,-15.0,1
1980-04-24,93.1,-216.9,-15.6,1
1980-05-01,92.2,-229.4,-16.2,1
1980-05-08,91.4,-241.7,-17.0,1
1980-05-15,90.2,-258.9,-18.1,1
1980-05-22,89.7,-266.8,-19.0,1
1980-05-29,88.2,-287.9,-20.1,1
1980-06-05,86.7,-310.7,-21.4,1
1980-06-12,86.1,-319.5,-22.5,1
1980-06-19,85.7,-325.2,-23.5,1
1980-06-26,86.3,-316.5,-23.6,1
1980-07-03,86.5,-313.2,-23.0,1
1980-07-10,86.8,-309.4,-22.1,1
1980-07-17,87.1,-304.2,-20.8,1
1980-07-24,87.7,-295.4,-19.5,1
1980-07-31,88.4,100.0,-18.0,1
1980-08-07,88.8,100.0,-16.5,0
1980-08-14,89.5,100.0,-14.8,0
1980-08-21,89.6,100.0,-13.3,0
1980-08-28,90.5,100.0,-11.7,0
1980-09-04,90.9,100.0,-10.1,0
1980-09-11,91.3,100.0,-8.6,0
1980-09-18,92.1,100.0,-6.8,0
1980-09-25,92.9,100.0,-5.1,0
1980-10-02,92.5,93.5,-3.7,0
1980-10-09,93.3,100.0,-2.1,0
1980-10-16,93.6,100.0,-0.8,0
1980-10-23,94.0,100.0,0.4,0
1980-10-30,93.4,89.1,1.4,0
1980-11-06,93.0,82.5,1.8,0
1980-11-13,93.5,92.2,2.3,0
1980-11-20,94.7,100.0,3.2,0
1980-11-27,95.1,100.0,4.6,0
1980-12-04,94.7,92.9,5.9,0
1980-12-11,94.0,80.2,6.6,0
1980-12-18,93.5,71.3,6.4,0
1980-12-25,94.2,84.5,6.3,0
1981-01-01,94.6,91.9,6.7,0
1981-01-08,94.6,91.6,7.5,0
1981-01-15,94.0,80.2,8.1,0
1981-01-22,93.8,78.1,8.2,0
1981-01-29,93.1,65.4,7.8,0
1981-02-05,92.7,57.6,7.1,0
1981-02-12,92.6,56.9,6.7,0
1981-02-19,92.3,50.7,6.3,0
1981-02-26,91.4,35.0,5.7,0
1981-03-05,91.5,36.7,5.4,0
1981-03-12,91.6,37.8,5.2,0
1981-03-19,92.0,45.0,5.3,0
1981-03-26,92.2,48.4,6.0,0
1981-04-02,92.1,47.9,6.6,0
1981-04-09,92.0,45.0,7.0,0
1981-04-16,91.7,40.3,7.0,0
1981-04-23,92.0,44.6,7.0,0
1981-04-30,91.7,39.7,6.8,0
1981-05-07,90.9,25.6,6.3,0
1981-05-14,90.3,15.1,5.6,0
1981-05-21,90.3,15.3,4.7,0
1981-05-28,89.8,7.2,3.8,0
1981-06-04,89.4,-0.2,3.0,0
1981-06-11,88.8,-11.7,2.1,0
1981-06-18,88.8,-10.4,1.3,0
1981-06-25,88.5,-16.2,0.5,0
1981-07-02,88.1,-23.0,-0.3,0
1981-07-09,87.1,-40.6,-1.2,0
1981-07-16,87.3,-37.8,-2.1,0
1981-07-23,87.3,-38.2,-2.8,0
1981-07-30,86.3,-54.9,-3.7,0
1981-08-06,86.0,-59.8,-4.2,1
1981-08-13,86.0,-59.9,-4.8,1
1981-08-20,85.2,-75.2,-5.8,1
1981-08-27,84.3,-91.3,-6.7,1
1981-09-03,83.5,-105.5,-7.9,1
1981-09-10,82.7,-119.5,-9.4,1
1981-09-17,82.7,-119.1,-10.4,1
1981-09-24,81.6,-138.0,-11.4,1
1981-10-01,80.5,-158.0,-12.5,1
1981-10-08,80.4,-160.1,-13.3,1
1981-10-15,80.2,-162.9,-14.1,1
1981-10-22,79.7,-172.6,-14.7,1
1981-10-29,78.8,-187.9,-15.0,1
1981-11-05,78.6,-190.8,-15.4,1
1981-11-12,78.2,-198.0,-15.9,1
1981-11-19,77.4,-212.1,-16.5,1
1981-11-26,77.3,-214.0,-16.8,1
1981-12-03,77.3,-215.0,-16.9,1
1981-12-10,77.1,-217.0,-16.9,1
1981-12-17,76.4,-230.0,-16.8,1
1981-12-24,76.3,-231.4,-16.7,1
1981-12-31,76.0,-238.1,-16.8,1
1982-01-07,75.5,-246.6,-17.0,1
1982-01-14,74.9,-257.2,-17.2,1
1982-01-21,74.9,-256.6,-17.2,1
1982-01-28,75.1,-253.9,-17.1,1
1982-02-04,75.6,-243.9,-16.3,1
1982-02-11,75.4,-248.2,-15.4,1
1982-02-18,75.0,-255.5,-14.8,1
1982-02-25,74.0,-273.1,-14.7,1
1982-03-04,73.2,-286.1,-15.4,1
1982-03-11,72.3,-303.3,-16.4,1
1982-03-18,71.8,-311.6,-17.4,1
1982-03-25,72.0,-308.8,-17.8,1
1982-04-01,71.5,-316.8,-18.0,1
1982-04-08,71.4,-318.3,-17.7,1
1982-04-15,71.3,-320.1,-17.3,1
1982-04-22,70.9,-327.7,-17.1,1
1982-04-29,70.7,-331.0,-16.8,1
1982-05-06,70.4,-336.5,-16.6,1
1982-05-13,70.4,-336.4,-16.3,1
1982-05-20,69.9,-344.8,-16.1,1
1982-05-27,69.1,-359.8,-16.2,1
1982-06-03,68.1,-376.6,-16.7,1
1982-06-10,67.7,-383.2,-17.4,1
1982-06-17,67.3,-390.6,-18.1,1
1982-06-24,66.8,-399.9,-18.5,1
1982-07-01,67.3,-391.8,-18.2,1
1982-07-08,67.2,-393.0,-17.7,1
1982-07-15,67.2,-392.4,-17.0,1
1982-07-22,67.6,-385.1,-15.7,1
1982-07-29,67.2,-393.4,-15.0,1
1982-08-05,66.6,-403.5,-14.6,1
1982-08-12,66.0,-413.9,-14.5,1
1982-08-19,66.0,-414.4,-14.7,1
1982-08-26,67.0,-396.2,-14.0,1
1982-09-02,67.4,-388.6,-12.7,1
1982-09-09,67.8,-382.9,-10.9,1
1982-09-16,67.7,-383.4,-9.1,1
1982-09-23,67.6,-385.1,-8.0,1
1982-09-30,67.7,-383.4,-7.2,1
1982-10-07,67.6,-385.8,-6.6,1
1982-10-14,68.6,-367.6,-5.4,1
1982-10-21,68.9,-363.1,-4.0,1
1982-10-28,69.7,-348.1,-2.2,1
1982-11-04,70.1,-342.1,0.0,1
1982-11-11,70.9,-328.1,2.0,1
1982-11-18,70.5,-335.1,3.5,1
1982-11-25,70.3,-337.8,4.4,1
1982-12-02,70.2,100.0,4.9,0
1982-12-09,71.1,100.0,5.4,0
1982-12-16,70.9,96.2,6.0,0
1982-12-23,71.1,100.0,6.9,0
1982-12-30,72.2,100.0,8.6,0
1983-01-06,72.6,100.0,10.0,0
1983-01-13,74.1,100.0,12.6,0
1983-01-20,74.9,100.0,15.6,0
1983-01-27,74.7,93.5,17.5,0
1983-02-03,75.0,100.0,19.3,0
1983-02-10,75.3,100.0,20.2,0
1983-02-17,75.6,100.0,20.7,0
1983-02-24,75.6,99.6,21.4,0
1983-03-03,76.5,100.0,22.5,0
1983-03-10,77.1,100.0,23.8,0
1983-03-17,77.2,100.0,24.9,0
1983-03-24,77.3,100.0,25.9,0
1983-03-31,77.5,100.0,26.4,0
1983-04-07,77.4,99.6,26.3,0
1983-04-14,77.6,100.0,26.2,0
1983-04-21,78.0,100.0,26.4,0
1983-04-28,78.6,100.0,26.9,0
1983-05-05,79.1,100.0,27.7,0
1983-05-12,79.7,100.0,28.7,0
1983-05-19,79.7,100.0,29.5,0
1983-05-26,80.4,100.0,30.3,0
1983-06-02,80.6,100.0,30.8,0
1983-06-09,81.4,100.0,31.4,0
1983-06-16,81.6,100.0,32.1,0
1983-06-23,82.5,100.0,32.8,0
1983-06-30,82.9,100.0,33.6,0
1983-07-07,83.4,100.0,34.2,0
1983-07-14,83.9,100.0,34.9,0
1983-07-21,84.2,100.0,35.1,0
1983-07-28,84.9,100.0,35.6,0
1983-08-04,84.7,95.0,35.4,0
1983-08-11,84.8,97.9,35.0,0
1983-08-18,85.3,100.0,34.6,0
1983-08-25,85.1,97.4,33.6,0
1983-09-01,84.9,92.0,32.5,0
1983-09-08,85.2,97.8,31.6,0
1983-09-15,85.2,98.8,30.5,0
1983-09-22,85.5,100.0,29.6,0
1983-09-29,85.6,100.0,29.1,0
1983-10-06,85.4,95.4,28.2,0
1983-10-13,86.4,100.0,28.0,0
1983-10-20,86.5,100.0,27.6,0
1983-10-27,86.7,100.0,27.3,0
1983-11-03,86.9,100.0,27.3,0
1983-11-10,87.1,100.0,26.8,0
1983-11-17,88.0,100.0,26.9,0
1983-11-24,88.3,100.0,26.9,0
1983-12-01,88.3,100.0,26.9,0
1983-12-08,88.7,100.0,27.0,0
1983-12-15,88.9,100.0,26.6,0
1983-12-22,89.1,100.0,26.1,0
1983-12-29,89.2,100.0,25.7,0
1984-01-05,89.6,100.0,25.3,0
1984-01-12,90.5,100.0,25.4,0
1984-01-19,90.9,100.0,25.7,0
1984-01-26,92.2,100.0,26.7,0
1984-02-02,92.6,100.0,27.8,0
1984-02-09,92.6,99.1,28.2,0
1984-02-16,92.5,96.7,28.3,0
1984-02-23,92.8,100.0,27.7,0
1984-03-01,92.8,98.9,26.9,0
1984-03-08,92.4,92.6,25.8,0
1984-03-15,92.3,90.5,24.9,0
1984-03-22,92.6,96.2,23.9,0
1984-03-29,92.6,96.3,23.0,0
1984-04-05,92.8,99.7,22.5,0
1984-04-12,92.6,95.4,21.9,0
1984-04-19,92.9,100.0,21.2,0
1984-04-26,92.8,98.3,20.6,0
1984-05-03,92.9,99.9,19.8,0
1984-05-10,92.8,98.0,19.2,0
1984-05-17,92.5,93.7,18.3,0
1984-05-24,92.2,88.2,17.4,0
1984-05-31,91.8,81.1,16.1,0
1984-06-07,92.5,92.9,15.4,0
1984-06-14,92.6,94.6,14.9,0
1984-06-21,92.3,89.9,14.4,0
1984-06-28,92.5,93.4,14.3,0
1984-07-05,92.6,95.0,13.9,0
1984-07-12,92.7,96.4,13.5,0
1984-07-19,92.4,91.2,13.1,0
1984-07-26,92.3,89.5,12.6,0
1984-08-02,92.8,98.5,12.3,0
1984-08-09,94.2,100.0,12.9,0
1984-08-16,94.9,100.0,13.9,0
1984-08-23,94.8,98.3,14.9,0
1984-08-30,94.6,95.3,15.5,0
1984-09-06,94.3,89.9,15.1,0
1984-09-13,94.1,86.0,14.2,0
1984-09-20,94.3,89.5,13.5,0
1984-09-27,93.6,77.7,12.5,0
1984-10-04,93.2,70.2,11.5,0
1984-10-11,92.6,59.3,10.4,0
1984-10-18,92.7,61.1,9.1,0
1984-10-25,92.6,60.2,8.3,0
1984-11-01,93.1,69.3,8.0,0
1984-11-08,93.7,79.7,8.4,0
1984-11-15,93.7,79.9,8.7,0
1984-11-22,93.6,78.0,9.0,0
1984-11-29,93.7,79.5,9.0,0
1984-12-06,93.7,80.2,8.8,0
1984-12-13,94.1,86.9,8.8,0
1984-12-20,94.3,90.8,9.0,0
1984-12-27,93.9,82.9,8.8,0
1985-01-03,93.9,83.9,8.7,0
1985-01-10,93.5,76.6,8.2,0
1985-01-17,93.8,81.0,7.8,0
1985-01-24,94.3,90.9,7.8,0
1985-01-31,95.2,100.0,8.4,0
1985-02-07,95.1,98.0,9.1,0
1985-02-14,95.1,97.4,9.7,0
1985-02-21,95.0,97.3,10.0,0
1985-02-28,95.2,100.0,9.9,0
1985-03-07,95.4,100.0,10.0,0
1985-03-14,95.5,100.0,10.1,0
1985-03-21,95.5,99.3,10.2,0
1985-03-28,95.9,100.0,10.5,0
1985-04-04,96.4,100.0,10.9,0
1985-04-11,96.6,100.0,11.3,0
1985-04-18,96.9,100.0,11.9,0
1985-04-25,96.8,97.9,12.2,0
1985-05-02,96.7,96.5,12.2,0
1985-05-09,96.7,97.3,12.1,0
1985-05-16,97.1,100.0,12.1,0
1985-05-23,97.7,100.0,12.4,0
1985-05-30,97.4,96.2,12.6,0
1985-06-06,97.4,96.1,12.7,0
1985-06-13,97.2,92.6,12.6,0
1985-06-20,96.9,87.5,12.0,0
1985-06-27,97.7,100.0,11.9,0
1985-07-04,98.4,100.0,12.2,0
1985-07-11,98.9,100.0,12.9,0
1985-07-18,98.8,99.7,13.7,0
1985-07-25,99.1,100.0,14.1,0
1985-08-01,99.3,100.0,14.4,0
1985-08-08,99.5,100.0,14.5,0
1985-08-15,99.5,99.3,14.5,0
1985-08-22,99.3,96.1,14.4,0
1985-08-29,99.5,100.0,14.3,0
1985-09-05,99.8,100.0,14.2,0
1985-09-12,99.7,98.6,14.1,0
1985-09-19,99.2,90.3,13.8,0
1985-09-26,98.9,85.4,13.3,0
1985-10-03,99.1,88.7,12.7,0
1985-10-10,98.8,83.1,12.0,0
1985-10-17,98.7,82.6,11.5,0
1985-10-24,99.2,90.6,11.4,0
1985-10-31,98.8,82.7,11.0,0
1985-11-07,98.7,81.4,10.7,0
1985-11-14,98.9,85.3,10.5,0
1985-11-21,99.4,93.1,10.4,0
1985-11-28,99.6,96.7,10.6,0
1985-12-05,99.8,99.8,10.9,0
1985-12-12,99.9,100.0,11.2,0
1985-12-19,99.9,100.0,11.2,0
1985-12-26,100.5,100.0,11.4,0
1986-01-02,101.5,100.0,12.1,0
1986-01-09,101.9,100.0,12.9,0
1986-01-16,101.2,90.0,13.3,0
1986-01-23,101.4,91.9,13.4,0
1986-01-30,101.8,99.7,13.3,0
1986-02-06,102.2,100.0,13.2,0
1986-02-13,102.7,100.0,13.6,0
1986-02-20,103.2,100.0,14.3,0
1986-02-27,103.6,100.0,14.9,0
1986-03-06,103.5,98.7,15.2,0
1986-03-13,103.9,100.0,15.5,0
1986-03-20,104.4,100.0,15.8,0
1986-03-27,104.5,100.0,15.9,0
1986-04-03,104.5,99.5,16.1,0
1986-04-10,103.8,88.0,15.7,0
1986-04-17,104.1,93.3,15.2,0
1986-04-24,104.7,100.0,14.9,0
1986-05-01,105.5,100.0,15.1,0
1986-05-08,105.5,100.0,15.7,0
1986-05-15,105.7,100.0,16.2,0
1986-05-22,105.5,97.3,16.3,0
1986-05-29,106.1,100.0,16.2,0
1986-06-05,106.6,100.0,16.4,0
1986-06-12,106.0,91.9,16.3,0
1986-06-19,106.3,96.2,16.3,0
1986-06-26,106.1,93.5,16.0,0
1986-07-03,106.3,95.9,15.5,0
1986-07-10,105.9,90.2,15.1,0
1986-07-17,104.9,73.8,14.0,0
1986-07-24,105.1,76.3,13.2,0
1986-07-31,104.7,70.0,12.1,0
1986-08-07,104.2,63.0,11.0,0
1986-08-14,104.7,70.2,10.7,0
1986-08-21,104.8,72.2,10.3,0
1986-08-28,104.9,74.3,10.3,0
1986-09-04,104.8,71.7,10.3,0
1986-09-11,104.6,69.3,10.1,0
1986-09-18,102.9,42.8,9.0,0
1986-09-25,102.6,36.8,7.7,0
1986-10-02,101.9,26.9,6.2,0
1986-10-09,102.0,28.2,4.8,0
1986-10-16,101.7,23.6,4.1,0
1986-10-23,102.1,29.2,3.8,0
1986-10-30,103.5,51.5,4.4,0
1986-11-06,104.8,71.6,5.6,0
1986-11-13,105.7,85.8,7.3,0
1986-11-20,105.8,88.0,8.9,0
1986-11-27,105.7,85.8,9.7,0
1986-12-04,106.2,93.7,10.1,0
1986-12-11,105.7,86.0,9.9,0
1986-12-18,105.4,81.5,9.5,0
1986-12-25,105.5,82.9,9.2,0
1987-01-01,106.0,90.5,8.9,0
1987-01-08,106.5,99.0,9.1,0
1987-01-15,107.3,100.0,9.8,0
1987-01-22,108.4,100.0,11.0,0
1987-01-29,110.1,100.0,12.7,0
1987-02-05,110.8,100.0,14.6,0
1987-02-12,111.2,100.0,16.2,0
1987-02-19,111.7,100.0,17.5,0
1987-02-26,111.5,98.0,17.9,0
1987-03-05,111.2,92.7,17.7,0
1987-03-12,111.5,98.1,17.6,0
1987-03-19,111.6,99.1,17.2,0
1987-03-26,112.2,100.0,17.2,0
1987-04-02,112.2,100.0,17.4,0
1987-04-09,112.7,100.0,17.7,0
1987-04-16,111.6,84.4,17.4,0
1987-04-23,112.1,91.6,17.1,0
1987-04-30,111.7,85.1,16.5,0
1987-05-07,112.3,94.2,16.0,0
1987-05-14,113.1,100.0,16.4,0
1987-05-21,112.6,92.4,16.4,0
1987-05-28,112.9,96.7,16.7,0
1987-06-04,113.8,100.0,17.2,0
1987-06-11,114.1,100.0,17.4,0
1987-06-18,115.2,100.0,18.3,0
1987-06-25,114.9,96.6,19.0,0
1987-07-02,114.6,91.5,19.1,0
1987-07-09,114.1,84.3,18.7,0
1987-07-16,114.8,95.2,18.2,0
1987-07-23,115.4,100.0,18.1,0
1987-07-30,115.3,98.2,18.1,0
1987-08-06,115.4,100.0,18.4,0
1987-08-13,116.2,100.0,18.6,0
1987-08-20,116.4,100.0,18.7,0
1987-08-27,117.2,100.0,19.1,0
1987-09-03,117.0,97.1,19.4,0
1987-09-10,116.6,90.9,19.1,0
1987-09-17,117.2,99.6,19.0,0
1987-09-24,116.9,96.5,18.4,0
1987-10-01,116.2,86.1,17.5,0
1987-10-08,117.2,100.0,17.3,0
1987-10-15,116.8,93.6,16.6,0
1987-10-22,114.3,57.8,14.8,0
1987-10-29,112.5,32.3,12.6,0
1987-11-05,114.3,58.3,10.8,0
1987-11-12,114.8,65.3,9.5,0
1987-11-19,114.4,60.5,9.2,0
1987-11-26,113.5,47.6,9.4,0
1987-12-03,112.8,37.6,8.5,0
1987-12-10,112.1,26.5,7.0,0
1987-12-17,112.7,35.9,6.0,0
1987-12-24,113.7,49.4,5.8,0
1987-12-31,113.4,46.0,5.8,0
1988-01-07,113.5,46.9,6.2,0
1988-01-14,113.3,44.0,6.2,0
1988-01-21,112.5,32.3,5.4,0
1988-01-28,112.1,27.4,4.7,0
1988-02-04,112.3,30.2,4.0,0
1988-02-11,112.0,25.7,3.4,0
1988-02-18,112.6,34.2,3.4,0
1988-02-25,112.9,38.4,3.6,0
1988-03-03,113.6,48.4,4.1,0
1988-03-10,114.1,56.1,5.0,0
1988-03-17,113.9,52.7,5.5,0
1988-03-24,114.4,59.2,6.1,0
1988-03-31,114.5,60.7,6.3,0
1988-04-07,115.1,69.8,6.7,0
1988-04-14,116.4,88.0,7.7,0
1988-04-21,115.6,77.8,8.1,0
1988-04-28,116.2,85.7,8.8,0
1988-05-05,116.5,90.1,9.3,0
1988-05-12,116.3,86.6,9.1,0
1988-05-19,116.3,87.1,9.2,0
1988-05-26,116.3,87.7,9.2,0
1988-06-02,116.7,93.5,9.1,0
1988-06-09,118.0,100.0,9.8,0
1988-06-16,118.7,100.0,10.7,0
1988-06-23,118.7,98.8,11.6,0
1988-06-30,118.9,100.0,12.4,0
1988-07-07,119.0,100.0,12.7,0
1988-07-14,118.9,98.5,12.7,0
1988-07-21,119.0,100.0,12.7,0
1988-07-28,118.6,94.1,12.4,0
1988-08-04,119.1,100.0,12.3,0
1988-08-11,118.9,96.6,12.2,0
1988-08-18,118.3,88.0,11.7,0
1988-08-25,117.8,82.2,11.3,0
1988-09-01,117.6,79.2,10.6,0
1988-09-08,117.8,81.7,10.1,0
1988-09-15,118.0,84.4,9.9,0
1988-09-22,118.4,89.8,10.1,0
1988-09-29,118.2,87.0,10.3,0
1988-10-06,118.6,93.5,10.6,0
1988-10-13,119.3,100.0,11.2,0
1988-10-20,119.7,100.0,11.7,0
1988-10-27,120.5,100.0,12.6,0
1988-11-03,120.3,97.1,13.2,0
1988-11-10,120.1,94.4,13.4,0
1988-11-17,120.3,96.9,13.4,0
1988-11-24,119.7,88.4,12.8,0
1988-12-01,120.0,92.4,12.5,0
1988-12-08,120.1,94.5,12.3,0
1988-12-15,120.4,97.4,12.1,0
1988-12-22,120.4,97.5,12.1,0
1988-12-29,119.4,83.7,11.6,0
1989-01-05,118.7,75.0,10.7,0
1989-01-12,118.5,71.2,9.7,0
1989-01-19,118.7,74.1,8.8,0
1989-01-26,119.2,80.6,8.5,0
1989-02-02,120.0,92.7,8.9,0
1989-02-09,120.3,96.8,9.4,0
1989-02-16,120.0,92.2,9.7,0
1989-02-23,119.8,90.3,9.8,0
1989-03-02,119.7,88.7,9.4,0
1989-03-09,119.8,90.2,9.0,0
1989-03-16,120.4,97.8,8.9,0
1989-03-23,120.1,93.4,8.8,0
1989-03-30,119.1,80.3,8.4,0
1989-04-06,118.7,74.2,7.7,0
1989-04-13,118.7,73.8,6.8,0
1989-04-20,118.9,76.6,6.2,0
1989-04-27,118.8,75.4,5.9,0
1989-05-04,118.5,71.0,5.7,0
1989-05-11,118.3,69.0,5.5,0
1989-05-18,118.6,73.1,5.3,0
1989-05-25,118.5,72.1,5.2,0
1989-06-01,119.2,81.2,5.4,0
1989-06-08,120.0,91.9,6.0,0
1989-06-15,119.9,91.3,6.5,0
1989-06-22,119.6,86.4,6.8,0
1989-06-29,120.5,98.9,7.3,0
1989-07-06,120.1,93.7,7.3,0
1989-07-13,120.7,100.0,7.6,0
1989-07-20,120.7,100.0,8.1,0
1989-07-27,120.5,97.0,8.0,0
1989-08-03,121.2,100.0,8.4,0
1989-08-10,121.4,100.0,8.7,0
1989-08-17,120.8,92.8,8.6,0
1989-08-24,120.6,89.3,8.6,0
1989-08-31,121.9,100.0,8.8,0
1989-09-07,122.5,100.0,9.1,0
1989-09-14,122.4,98.3,9.7,0
1989-09-21,122.2,96.1,10.2,0
1989-09-28,122.0,93.0,10.1,0
1989-10-05,121.7,89.7,9.6,0
1989-10-12,122.0,94.0,9.4,0
1989-10-19,120.7,74.9,8.6,0
1989-10-26,119.8,63.0,7.7,0
1989-11-02,118.8,48.9,6.4,0
1989-11-09,118.5,45.6,4.9,0
1989-11-16,118.4,44.2,4.1,0
1989-11-23,118.4,44.4,3.6,0
1989-11-30,118.5,45.9,3.5,0
1989-12-07,118.7,48.3,3.6,0
1989-12-14,118.9,51.5,3.9,0
1989-12-21,118.8,49.4,4.1,0
1989-12-28,119.0,52.8,4.3,0
1990-01-04,119.7,61.3,4.8,0
1990-01-11,119.5,59.3,5.0,0
1990-01-18,118.5,45.8,4.9,0
1990-01-25,117.3,29.3,4.2,0
1990-02-01,116.0,11.0,2.7,0
1990-02-08,116.5,17.4,1.5,0
1990-02-15,116.3,15.5,0.7,0
1990-02-22,116.4,16.0,0.4,0
1990-03-01,115.7,7.0,0.4,0
1990-03-08,116.1,12.0,0.4,0
1990-03-15,116.1,11.9,0.4,0
1990-03-22,116.4,16.1,0.5,0
1990-03-29,115.6,5.7,0.6,0
1990-04-05,115.5,4.9,0.5,0
1990-04-12,115.4,2.3,0.3,0
1990-04-19,115.6,5.5,0.1,0
1990-04-26,114.3,-12.7,-0.3,0
1990-05-03,113.9,-18.3,-0.9,0
1990-05-10,114.1,-15.7,-1.3,0
1990-05-17,114.8,-5.5,-1.5,0
1990-05-24,115.1,-0.9,-1.0,0
1990-05-31,114.8,-5.5,-0.5,0
1990-06-07,114.6,-7.6,-0.2,0
1990-06-14,114.4,-11.5,-0.2,0
1990-06-21,113.9,-18.3,-0.6,0
1990-06-28,113.4,-24.1,-1.0,0
1990-07-05,113.4,-25.0,-1.3,0
1990-07-12,113.1,-28.2,-1.6,0
1990-07-19,113.2,-26.8,-1.7,0
1990-07-26,112.6,-35.0,-1.8,0
1990-08-02,112.6,-36.1,-1.9,1
1990-08-09,111.6,-48.8,-2.2,1
1990-08-16,111.4,-52.3,-2.7,1
1990-08-23,110.3,-67.1,-3.4,1
1990-08-30,109.2,-81.7,-4.4,1
1990-09-06,109.2,-81.7,-5.1,1
1990-09-13,108.8,-87.2,-5.8,1
1990-09-20,108.3,-94.1,-6.2,1
1990-09-27,107.3,-108.3,-6.6,1
1990-10-04,107.2,-110.2,-7.0,1
1990-10-11,106.6,-117.5,-7.5,1
1990-10-18,105.9,-127.9,-8.1,1
1990-10-25,105.9,-127.6,-8.2,1
1990-11-01,104.8,-142.1,-8.7,1
1990-11-08,104.4,-148.6,-9.2,1
1990-11-15,104.2,-151.0,-9.5,1
1990-11-22,104.1,-152.3,-9.8,1
1990-11-29,102.6,-172.1,-10.3,1
1990-12-06,102.5,-174.6,-10.6,1
1990-12-13,102.5,-173.9,-10.8,1
1990-12-20,102.1,-180.2,-11.2,1
1990-12-27,102.2,-178.5,-10.9,1
1991-01-03,102.0,-180.5,-10.6,1
1991-01-10,101.5,-187.5,-10.6,1
1991-01-17,100.9,-195.8,-10.5,1
1991-01-24,101.4,-189.1,-10.4,1
1991-01-31,101.6,-186.9,-10.0,1
1991-02-07,101.5,-187.7,-9.6,1
1991-02-14,101.6,-185.8,-8.8,1
1991-02-21,101.5,-187.2,-8.3,1
1991-02-28,100.2,-206.2,-8.5,1
1991-03-07,99.6,-213.3,-8.8,1
1991-03-14,99.0,-222.5,-9.5,1
1991-03-21,98.3,-231.4,-10.3,1
1991-03-28,98.8,-224.6,-10.4,1
1991-04-04,99.5,100.0,-10.0,0
1991-04-11,99.4,98.2,-9.3,0
1991-04-18,99.7,100.0,-8.2,0
1991-04-25,100.1,100.0,-7.2,0
1991-05-02,99.9,96.4,-6.5,0
1991-05-09,100.0,98.6,-5.8,0
1991-05-16,99.7,93.4,-5.3,0
1991-05-23,99.7,92.8,-5.1,0
1991-05-30,100.0,98.5,-4.6,0
1991-06-06,100.4,100.0,-3.9,0
1991-06-13,99.9,91.3,-3.3,0
1991-06-20,100.0,92.7,-2.7,0
1991-06-27,99.9,91.7,-2.2,0
1991-07-04,100.2,96.6,-1.9,0
1991-07-11,100.5,100.0,-1.1,0
1991-07-18,100.8,100.0,-0.3,0
1991-07-25,101.3,100.0,0.7,0
1991-08-01,101.5,100.0,1.8,0
1991-08-08,101.6,100.0,2.7,0
1991-08-15,101.6,100.0,3.5,0
1991-08-22,101.4,95.7,3.9,0
1991-08-29,101.8,100.0,4.4,0
1991-09-05,101.9,100.0,4.9,0
1991-09-12,101.6,95.4,5.2,0
1991-09-19,101.4,91.2,5.5,0
1991-09-26,101.6,95.0,5.6,0
1991-10-03,101.6,95.8,5.7,0
1991-10-10,101.4,91.3,5.9,0
1991-10-17,101.3,90.2,6.0,0
1991-10-24,101.9,99.5,6.4,0
1991-10-31,101.3,90.4,6.4,0
1991-11-07,101.2,88.1,6.5,0
1991-11-14,101.1,87.0,6.5,0
1991-11-21,100.5,77.7,6.0,0
1991-11-28,100.5,77.6,5.7,0
1991-12-05,101.1,87.0,5.8,0
1991-12-12,100.9,83.8,5.8,0
1991-12-19,101.0,84.6,6.1,0
1991-12-26,101.8,97.9,6.8,0
1992-01-02,103.4,100.0,7.9,0
1992-01-09,103.9,100.0,9.4,0
1992-01-16,103.7,97.8,10.7,0
1992-01-23,103.9,100.0,11.7,0
1992-01-30,103.8,99.3,11.9,0
1992-02-06,103.5,94.0,11.6,0
1992-02-13,103.7,97.6,11.5,0
1992-02-20,103.6,95.7,11.3,0
1992-02-27,105.1,100.0,11.8,0
1992-03-05,105.3,100.0,12.6,0
1992-03-12,105.7,100.0,13.5,0
1992-03-19,106.0,100.0,14.5,0
1992-03-26,106.4,100.0,14.9,0
1992-04-02,105.6,86.7,14.7,0
1992-04-09,105.0,78.4,14.1,0
1992-04-16,105.0,78.6,13.3,0
1992-04-23,105.5,85.3,12.6,0
1992-04-30,104.6,70.9,11.9,0
1992-05-07,104.2,65.4,11.3,0
1992-05-14,103.9,60.2,10.5,0
1992-05-21,103.7,57.1,9.5,0
1992-05-28,103.7,57.3,8.9,0
1992-06-04,103.9,60.0,8.6,0
1992-06-11,103.4,52.5,8.2,0
1992-06-18,103.5,54.6,8.0,0
1992-06-25,103.5,54.4,7.8,0
1992-07-02,103.8,58.2,7.6,0
1992-07-09,103.8,59.4,7.7,0
1992-07-16,104.5,69.4,8.0,0
1992-07-23,105.1,78.8,8.6,0
1992-07-30,105.4,84.9,9.3,0
1992-08-06,105.8,90.3,10.1,0
1992-08-13,105.1,79.3,10.3,0
1992-08-20,105.8,90.4,10.5,0
1992-08-27,106.2,96.9,10.7,0
1992-09-03,106.7,100.0,11.0,0
1992-09-10,107.1,100.0,11.8,0
1992-09-17,107.6,100.0,12.5,0
1992-09-24,107.3,96.2,12.8,0
1992-10-01,107.3,96.7,12.9,0
1992-10-08,107.1,92.7,12.7,0
1992-10-15,107.4,96.9,12.3,0
1992-10-22,108.0,100.0,12.5,0
1992-10-29,108.5,100.0,12.8,0
1992-11-05,108.9,100.0,13.5,0
1992-11-12,109.5,100.0,14.3,0
1992-11-19,109.8,100.0,14.8,0
1992-11-26,110.0,100.0,15.2,0
1992-12-03,110.4,100.0,15.6,0
1992-12-10,110.8,100.0,15.9,0
1992-12-17,110.8,100.0,16.0,0
1992-12-24,111.6,100.0,16.4,0
1992-12-31,111.8,100.0,16.7,0
1993-01-07,111.7,97.3,16.7,0
1993-01-14,111.9,100.0,16.9,0
1993-01-21,112.4,100.0,17.0,0
1993-01-28,113.0,100.0,17.2,0
1993-02-04,113.6,100.0,17.9,0
1993-02-11,114.6,100.0,18.8,0
1993-02-18,114.7,100.0,19.6,0
1993-02-25,114.2,92.3,19.7,0
1993-03-04,114.4,94.4,19.7,0
1993-03-11,114.7,98.7,19.3,0
1993-03-18,114.4,95.5,18.8,0
1993-03-25,114.6,97.8,18.6,0
1993-04-01,114.3,93.0,18.2,0
1993-04-08,113.8,85.7,17.5,0
1993-04-15,113.7,85.4,16.8,0
1993-04-22,113.5,81.9,16.0,0
1993-04-29,113.0,74.1,15.0,0
1993-05-06,113.2,76.9,14.4,0
1993-05-13,113.6,83.1,14.0,0
1993-05-20,113.4,79.7,13.7,0
1993-05-27,114.9,100.0,14.2,0
1993-06-03,115.6,100.0,15.0,0
1993-06-10,116.3,100.0,15.8,0
1993-06-17,116.3,100.0,16.8,0
1993-06-24,116.2,98.5,16.9,0
1993-07-01,115.6,90.4,16.5,0
1993-07-08,115.5,89.0,15.7,0
1993-07-15,115.9,94.0,15.0,0
1993-07-22,115.7,90.7,14.3,0
1993-07-29,116.0,95.4,14.1,0
1993-08-05,116.1,97.1,13.9,0
1993-08-12,116.1,96.5,13.6,0
1993-08-19,116.3,100.0,13.5,0
1993-08-26,116.8,100.0,13.5,0
1993-09-02,117.1,100.0,13.6,0
1993-09-09,117.2,100.0,13.7,0
1993-09-16,117.5,100.0,13.9,0
1993-09-23,117.1,94.1,13.6,0
1993-09-30,117.2,95.0,13.3,0
1993-10-07,117.3,96.9,13.0,0
1993-10-14,117.6,100.0,12.6,0
1993-10-21,118.1,100.0,12.7,0
1993-10-28,118.8,100.0,13.1,0
1993-11-04,119.3,100.0,13.6,0
1993-11-11,119.7,100.0,14.2,0
1993-11-18,120.1,100.0,14.7,0
1993-11-25,120.2,100.0,15.0,0
1993-12-02,120.2,100.0,15.0,0
1993-12-09,120.6,100.0,15.1,0
1993-12-16,120.5,99.4,14.9,0
1993-12-23,120.9,100.0,14.9,0
1993-12-30,121.8,100.0,15.2,0
1994-01-06,122.4,100.0,15.7,0
1994-01-13,123.6,100.0,16.7,0
1994-01-20,123.8,100.0,17.6,0
1994-01-27,124.7,100.0,18.5,0
1994-02-03,124.6,98.2,19.1,0
1994-02-10,124.6,97.5,19.1,0
1994-02-17,124.6,97.4,19.1,0
1994-02-24,124.1,90.8,18.4,0
1994-03-03,122.5,70.3,17.1,0
1994-03-10,121.4,54.6,15.4,0
1994-03-17,120.9,48.1,13.5,0
1994-03-24,120.7,44.9,11.7,0
1994-03-31,120.7,45.9,10.7,0
1994-04-07,120.7,45.6,10.2,0
1994-04-14,121.2,52.0,10.1,0
1994-04-21,121.0,49.4,10.1,0
1994-04-28,122.3,67.2,10.5,0
1994-05-05,123.1,77.7,11.2,0
1994-05-12,123.0,76.2,11.7,0
1994-05-19,123.4,81.2,12.4,0
1994-05-26,123.1,77.4,12.4,0
1994-06-02,123.0,76.0,12.0,0
1994-06-09,123.2,79.5,11.9,0
1994-06-16,123.3,80.7,11.6,0
1994-06-23,123.1,77.6,11.3,0
1994-06-30,123.0,76.5,11.1,0
1994-07-07,123.2,79.0,10.9,0
1994-07-14,123.7,85.4,10.8,0
1994-07-21,124.1,91.6,11.0,0
1994-07-28,123.8,87.6,11.0,0
1994-08-04,124.1,90.8,11.2,0
1994-08-11,124.3,93.8,11.2,0
1994-08-18,124.5,96.5,11.0,0
1994-08-25,124.8,100.0,11.2,0
1994-09-01,125.2,100.0,11.4,0
1994-09-08,125.3,100.0,11.5,0
1994-09-15,125.3,99.8,11.6,0
1994-09-22,125.4,100.0,11.6,0
1994-09-29,125.6,100.0,11.5,0
1994-10-06,125.9,100.0,11.5,0
1994-10-13,126.3,100.0,11.6,0
1994-10-20,127.2,100.0,12.1,0
1994-10-27,127.4,100.0,12.5,0
1994-11-03,128.2,100.0,13.2,0
1994-11-10,128.5,100.0,13.8,0
1994-11-17,128.8,100.0,14.2,0
1994-11-24,128.6,97.7,14.4,0
1994-12-01,128.9,100.0,14.4,0
1994-12-08,129.1,100.0,14.3,0
1994-12-15,129.4,100.0,14.3,0
1994-12-22,130.0,100.0,14.6,0
1994-12-29,129.4,92.1,14.5,0
1995-01-05,128.9,85.2,14.2,0
1995-01-12,129.1,88.6,13.8,0
1995-01-19,129.6,94.5,13.4,0
1995-01-26,129.1,88.3,13.1,0
1995-02-02,129.5,93.6,13.2,0
1995-02-09,129.9,98.1,13.3,0
1995-02-16,130.2,100.0,13.4,0
1995-02-23,130.2,100.0,13.6,0
1995-03-02,130.2,99.0,13.7,0
1995-03-09,130.0,97.0,13.6,0
1995-03-16,130.3,100.0,13.4,0
1995-03-23,130.4,100.0,13.2,0
1995-03-30,130.1,96.0,12.9,0
1995-04-06,129.7,90.8,12.5,0
1995-04-13,129.9,93.1,12.0,0
1995-04-20,129.8,92.0,11.5,0
1995-04-27,130.6,100.0,11.4,0
1995-05-04,130.8,100.0,11.6,0
1995-05-11,131.4,100.0,11.9,0
1995-05-18,131.8,100.0,12.5,0
1995-05-25,131.6,97.4,12.6,0
1995-06-01,131.4,95.2,12.6,0
1995-06-08,131.8,100.0,12.5,0
1995-06-15,131.7,97.7,12.1,0
1995-06-22,131.9,100.0,12.0,0
1995-06-29,132.8,100.0,12.3,0
1995-07-06,133.2,100.0,12.6,0
1995-07-13,134.0,100.0,13.2,0
1995-07-20,134.0,99.7,13.7,0
1995-07-27,134.3,100.0,14.0,0
1995-08-03,135.2,100.0,14.4,0
1995-08-10,135.7,100.0,14.8,0
1995-08-17,135.8,100.0,15.2,0
1995-08-24,135.8,100.0,15.4,0
1995-08-31,136.2,100.0,15.4,0
1995-09-07,136.6,100.0,15.4,0
1995-09-14,137.2,100.0,15.6,0
1995-09-21,137.5,100.0,15.9,0
1995-09-28,136.9,91.9,15.8,0
1995-10-05,136.7,89.6,15.5,0
1995-10-12,136.6,88.6,14.9,0
1995-10-19,136.5,87.6,14.2,0
1995-10-26,136.0,81.8,13.5,0
1995-11-02,135.8,79.0,12.9,0
1995-11-09,135.9,80.3,12.4,0
1995-11-16,136.1,82.2,11.9,0
1995-11-23,136.2,83.4,11.7,0
1995-11-30,136.7,90.2,11.9,0
1995-12-07,137.0,93.3,12.1,0
1995-12-14,137.8,100.0,12.5,0
1995-12-21,137.7,99.8,12.8,0
1995-12-28,137.7,99.3,12.9,0
1996-01-04,137.9,100.0,13.0,0
1996-01-11,138.1,100.0,12.9,0
1996-01-18,138.0,99.0,12.8,0
1996-01-25,138.1,100.0,12.7,0
1996-02-01,138.5,100.0,12.7,0
1996-02-08,139.5,100.0,12.9,0
1996-02-15,139.7,100.0,13.3,0
1996-02-22,139.6,99.0,13.6,0
1996-02-29,139.7,100.0,13.7,0
1996-03-07,139.8,100.0,13.5,0
1996-03-14,139.6,97.3,13.2,0
1996-03-21,140.0,100.0,13.1,0
1996-03-28,140.6,100.0,13.1,0
1996-04-04,140.5,99.0,13.1,0
1996-04-11,140.7,100.0,13.2,0
1996-04-18,140.8,100.0,13.2,0
1996-04-25,140.7,98.8,12.9,0
1996-05-02,141.0,100.0,12.8,0
1996-05-09,140.7,96.5,12.5,0
1996-05-16,141.3,100.0,12.3,0
1996-05-23,141.9,100.0,12.5,0
1996-05-30,142.4,100.0,12.7,0
1996-06-06,142.5,100.0,13.1,0
1996-06-13,142.9,100.0,13.4,0
1996-06-20,143.1,100.0,13.5,0
1996-06-27,143.1,99.7,13.4,0
1996-07-04,143.3,100.0,13.4,0
1996-07-11,143.0,95.9,13.1,0
1996-07-18,142.5,90.8,12.6,0
1996-07-25,142.6,91.3,12.2,0
1996-08-01,142.3,88.3,11.6,0
1996-08-08,143.3,99.7,11.4,0
1996-08-15,143.4,100.0,11.6,0
1996-08-22,143.4,99.6,11.6,0
1996-08-29,143.8,100.0,12.0,0
1996-09-05,143.6,97.6,11.9,0
1996-09-12,143.9,100.0,11.8,0
1996-09-19,145.1,100.0,12.2,0
1996-09-26,145.7,100.0,12.7,0
1996-10-03,146.1,100.0,13.4,0
1996-10-10,146.7,100.0,14.2,0
1996-10-17,146.8,100.0,14.6,0
1996-10-24,147.6,100.0,14.9,0
1996-10-31,146.6,88.7,14.8,0
1996-11-07,146.3,85.1,14.4,0
1996-11-14,146.8,91.4,14.0,0
1996-11-21,146.9,92.6,13.5,0
1996-11-28,147.1,94.9,13.4,0
1996-12-05,147.4,97.7,13.5,0
1996-12-12,146.5,88.2,13.1,0
1996-12-19,145.5,76.1,12.3,0
1996-12-26,146.5,87.8,11.8,0
1997-01-02,146.6,88.2,11.2,0
1997-01-09,146.6,88.9,11.0,0
1997-01-16,146.8,90.8,11.3,0
1997-01-23,147.7,100.0,11.4,0
1997-01-30,148.2,100.0,11.8,0
1997-02-06,148.7,100.0,12.2,0
1997-02-13,149.5,100.0,13.0,0
1997-02-20,150.3,100.0,13.6,0
1997-02-27,150.3,100.0,14.1,0
1997-03-06,150.0,95.6,14.3,0
1997-03-13,150.7,100.0,14.4,0
1997-03-20,150.4,97.2,14.1,0
1997-03-27,150.6,98.7,13.9,0
1997-04-03,149.4,86.0,13.4,0
1997-04-10,149.1,81.8,12.6,0
1997-04-17,148.4,75.0,11.6,0
1997-04-24,149.1,82.1,10.8,0
1997-05-01,149.6,88.0,10.7,0
1997-05-08,150.6,98.7,11.0,0
1997-05-15,151.0,100.0,11.6,0
1997-05-22,151.4,100.0,12.2,0
1997-05-29,151.3,98.5,12.5,0
1997-06-05,151.0,95.5,12.4,0
1997-06-12,151.1,96.5,12.1,0
1997-06-19,152.0,100.0,12.1,0
1997-06-26,152.3,100.0,12.2,0
1997-07-03,152.0,97.2,12.3,0
1997-07-10,152.4,100.0,12.5,0
1997-07-17,152.8,100.0,12.6,0
1997-07-24,153.3,100.0,12.7,0
1997-07-31,154.2,100.0,13.2,0
1997-08-07,154.9,100.0,13.7,0
1997-08-14,155.0,100.0,14.2,0
1997-08-21,154.5,95.6,14.3,0
1997-08-28,154.5,94.7,14.1,0
1997-09-04,154.3,93.2,13.6,0
1997-09-11,154.8,98.4,13.2,0
1997-09-18,155.0,100.0,13.1,0
1997-09-25,156.1,100.0,13.3,0
1997-10-02,156.1,99.4,13.7,0
1997-10-09,156.9,100.0,14.1,0
1997-10-16,156.9,100.0,14.4,0
1997-10-23,156.9,99.9,14.4,0
1997-10-30,156.6,96.4,14.3,0
1997-11-06,156.6,96.7,14.0,0
1997-11-13,156.8,99.0,13.7,0
1997-11-20,157.2,100.0,13.5,0
1997-11-27,157.4,100.0,13.5,0
1997-12-04,157.5,100.0,13.5,0
1997-12-11,157.5,100.0,13.5,0
1997-12-18,157.1,95.4,13.2,0
1997-12-25,156.6,90.1,12.6,0
1998-01-01,157.5,100.0,12.4,0
1998-01-08,157.7,100.0,12.2,0
1998-01-15,156.4,86.0,11.6,0
1998-01-22,157.1,92.9,11.5,0
1998-01-29,157.1,92.8,11.1,0
1998-02-05,157.5,97.1,10.8,0
1998-02-12,158.4,100.0,11.2,0
1998-02-19,158.5,100.0,11.4,0
1998-02-26,159.6,100.0,12.0,0
1998-03-05,160.5,100.0,12.8,0
1998-03-12,161.1,100.0,13.5,0
1998-03-19,161.8,100.0,14.3,0
1998-03-26,162.2,100.0,14.9,0
1998-04-02,162.1,98.5,15.1,0
1998-04-09,162.4,100.0,15.3,0
1998-04-16,162.8,100.0,15.3,0
1998-04-23,162.9,100.0,15.1,0
1998-04-30,162.1,91.3,14.8,0
1998-05-07,162.6,97.4,14.5,0
1998-05-14,162.9,100.0,14.2,0
1998-05-21,163.1,100.0,13.9,0
1998-05-28,163.7,100.0,14.1,0
1998-06-04,163.6,99.3,14.1,0
1998-06-11,164.2,100.0,14.2,0
1998-06-18,164.1,99.4,14.2,0
1998-06-25,164.5,100.0,14.2,0
1998-07-02,164.8,100.0,14.2,0
1998-07-09,163.5,86.5,13.7,0
1998-07-16,163.8,89.5,13.3,0
1998-07-23,163.7,88.6,12.7,0
1998-07-30,163.1,82.0,11.9,0
1998-08-06,162.1,71.8,11.1,0
1998-08-13,161.8,68.9,10.3,0
1998-08-20,162.5,76.3,9.7,0
1998-08-27,162.8,79.1,9.4,0
1998-09-03,160.9,59.5,8.9,0
1998-09-10,160.7,58.0,8.3,0
1998-09-17,161.7,67.7,7.9,0
1998-09-24,161.9,69.7,7.5,0
1998-10-01,162.3,74.3,7.8,0
1998-10-08,160.8,58.6,7.6,0
1998-10-15,160.5,56.3,7.1,0
1998-10-22,162.1,72.0,7.1,0
1998-10-29,162.8,79.8,7.2,0
1998-11-05,163.8,90.0,8.0,0
1998-11-12,164.7,99.1,9.2,0
1998-11-19,164.7,98.5,9.8,0
1998-11-26,166.1,100.0,10.6,0
1998-12-03,166.3,100.0,11.2,0
1998-12-10,166.2,98.7,11.5,0
1998-12-17,165.8,94.3,11.6,0
1998-12-24,166.9,100.0,11.6,0
1998-12-31,168.9,100.0,12.2,0
1999-01-07,169.1,100.0,12.9,0
1999-01-14,169.3,100.0,13.7,0
1999-01-21,169.1,97.9,14.1,0
1999-01-28,168.6,93.0,13.7,0
1999-02-04,169.4,100.0,13.5,0
1999-02-11,168.9,95.4,13.1,0
1999-02-18,169.0,96.4,12.8,0
1999-02-25,168.2,88.1,12.4,0
1999-03-04,167.2,78.2,11.5,0
1999-03-11,167.9,84.8,10.9,0
1999-03-18,168.2,87.9,10.5,0
1999-03-25,167.9,84.9,10.2,0
1999-04-01,167.3,79.7,10.1,0
1999-04-08,167.8,84.4,9.9,0
1999-04-15,167.8,83.9,9.7,0
1999-04-22,167.2,77.7,9.3,0
1999-04-29,168.3,89.2,9.5,0
1999-05-06,168.6,92.4,9.6,0
1999-05-13,168.8,94.5,9.8,0
1999-05-20,169.1,96.9,10.3,0
1999-05-27,169.1,96.8,10.4,0
1999-06-03,169.1,97.0,10.4,0
1999-06-10,170.2,100.0,10.6,0
1999-06-17,170.2,100.0,10.8,0
1999-06-24,170.9,100.0,11.2,0
1999-07-01,170.9,100.0,11.7,0
1999-07-08,171.9,100.0,12.0,0
1999-07-15,172.0,100.0,12.4,0
1999-07-22,172.3,100.0,12.7,0
1999-07-29,171.7,94.4,12.7,0
1999-08-05,171.3,90.7,12.4,0
1999-08-12,171.4,91.5,12.0,0
1999-08-19,172.0,97.0,11.6,0
1999-08-26,172.4,100.0,11.6,0
1999-09-02,172.0,96.0,11.6,0
1999-09-09,172.3,98.4,11.6,0
1999-09-16,172.3,98.7,11.5,0
1999-09-23,171.9,95.3,11.1,0
1999-09-30,170.9,85.3,10.5,0
1999-10-07,171.3,88.6,10.0,0
1999-10-14,171.9,94.8,9.6,0
1999-10-21,171.4,89.6,9.2,0
1999-10-28,171.5,91.1,9.2,0
1999-11-04,172.7,100.0,9.3,0
1999-11-11,173.2,100.0,9.5,0
1999-11-18,173.7,100.0,10.0,0
1999-11-25,175.3,100.0,10.9,0
1999-12-02,175.0,97.1,11.4,0
1999-12-09,175.3,100.0,11.8,0
1999-12-16,175.4,100.0,12.1,0
1999-12-23,176.0,100.0,12.1,0
1999-12-30,176.2,100.0,12.3,0
2000-01-06,175.9,97.1,12.2,0
2000-01-13,175.9,97.4,12.2,0
2000-01-20,176.4,100.0,12.1,0
2000-01-27,176.0,96.1,11.9,0
2000-02-03,176.1,97.1,11.8,0
2000-02-10,176.0,96.5,11.6,0
2000-02-17,175.3,89.7,11.1,0
2000-02-24,174.6,82.8,10.6,0
2000-03-02,174.4,80.9,9.9,0
2000-03-09,174.5,82.3,9.3,0
2000-03-16,175.0,87.5,9.1,0
2000-03-23,176.8,100.0,9.6,0
2000-03-30,177.9,100.0,10.5,0
2000-04-06,177.4,95.5,11.1,0
2000-04-13,177.9,99.9,11.7,0
2000-04-20,176.5,87.3,11.4,0
2000-04-27,178.4,100.0,11.4,0
2000-05-04,178.4,100.0,11.4,0
2000-05-11,178.0,95.6,11.2,0
2000-05-18,178.8,100.0,11.7,0
2000-05-25,178.5,97.2,11.5,0
2000-06-01,177.3,85.3,11.0,0
2000-06-08,177.9,91.0,10.7,0
2000-06-15,177.2,84.7,10.1,0
2000-06-22,177.1,83.2,9.5,0
2000-06-29,176.4,77.4,9.0,0
2000-07-06,176.5,77.6,8.5,0
2000-07-13,176.7,79.8,8.2,0
2000-07-20,176.6,78.4,8.0,0
2000-07-27,175.1,64.5,7.5,0
2000-08-03,174.2,56.5,6.7,0
2000-08-10,174.6,59.7,6.1,0
2000-08-17,174.5,58.8,5.4,0
2000-08-24,174.5,59.4,5.2,0
2000-08-31,175.1,64.7,5.4,0
2000-09-07,175.6,69.6,5.6,0
2000-09-14,175.0,64.0,5.7,0
2000-09-21,174.6,60.2,5.7,0
2000-09-28,174.1,55.4,5.3,0
2000-10-05,174.1,55.5,4.8,0
2000-10-12,173.7,51.6,4.4,0
2000-10-19,172.3,38.8,3.7,0
2000-10-26,173.4,48.6,3.5,0
2000-11-02,174.3,56.9,3.5,0
2000-11-09,174.7,60.6,3.7,0
2000-11-16,173.9,53.7,4.1,0
2000-11-23,172.8,43.6,3.9,0
2000-11-30,171.5,31.4,3.2,0
2000-12-07,170.9,25.0,2.2,0
2000-12-14,171.7,33.0,1.6,0
2000-12-21,170.6,22.2,1.1,0
2000-12-28,169.4,10.9,0.6,0
2001-01-04,168.9,6.4,0.1,0
2001-01-11,168.0,-2.1,-0.8,0
2001-01-18,168.0,-1.6,-1.3,0
2001-01-25,169.2,9.6,-1.2,0
2001-02-01,169.4,11.5,-0.9,0
2001-02-08,169.1,8.2,-0.5,0
2001-02-15,168.0,-2.2,-0.3,0
2001-02-22,167.5,-6.4,-0.6,0
2001-03-01,165.6,-24.8,-1.6,0
2001-03-08,164.8,-31.9,-2.6,0
2001-03-15,163.3,-45.8,-3.6,0
2001-03-22,161.7,-61.0,-5.0,0
2001-03-29,161.0,-67.5,-6.0,0
2001-04-05,160.5,-72.2,-6.9,1
2001-04-12,160.5,-72.3,-7.3,1
2001-04-19,161.6,-62.4,-7.1,1
2001-04-26,160.9,-68.5,-6.8,1
2001-05-03,160.7,-70.5,-6.4,1
2001-05-10,160.4,-73.6,-6.1,1
2001-05-17,160.1,-76.3,-6.2,1
2001-05-24,160.3,-74.7,-6.0,1
2001-05-31,159.2,-84.4,-6.1,1
2001-06-07,158.0,-95.5,-6.4,1
2001-06-14,157.4,-102.0,-6.7,1
2001-06-21,156.1,-113.9,-7.5,1
2001-06-28,155.9,-115.8,-8.0,1
2001-07-05,155.7,-117.2,-8.2,1
2001-07-12,154.9,-125.4,-8.5,1
2001-07-19,154.4,-129.9,-8.6,1
2001-07-26,154.2,-131.4,-8.6,1
2001-08-02,154.8,-125.8,-8.5,1
2001-08-09,154.4,-129.4,-8.2,1
2001-08-16,153.8,-135.5,-7.9,1
2001-08-23,153.0,-143.0,-7.9,1
2001-08-30,152.9,-143.7,-8.0,1
2001-09-06,151.9,-153.0,-8.3,1
2001-09-13,150.6,-165.5,-8.7,1
2001-09-20,149.5,-175.4,-9.2,1
2001-09-27,148.0,-190.3,-10.1,1
2001-10-04,148.4,-186.2,-10.6,1
2001-10-11,148.2,-187.9,-10.8,1
2001-10-18,148.1,-188.7,-10.7,1
2001-10-25,147.2,-197.1,-10.4,1
2001-11-01,146.6,-203.2,-10.4,1
2001-11-08,146.3,-205.4,-10.4,1
2001-11-15,146.5,-203.8,-10.3,1
2001-11-22,146.6,-202.7,-10.0,1
2001-11-29,146.1,-207.3,-9.5,1
2001-12-06,146.8,100.0,-8.9,0
2001-12-13,147.0,100.0,-8.2,0
2001-12-20,146.8,97.7,-7.6,0
2001-12-27,147.5,100.0,-6.7,0
2002-01-03,148.2,100.0,-5.8,0
2002-01-10,149.2,100.0,-4.7,0
2002-01-17,148.7,94.6,-3.6,0
2002-01-24,148.8,95.6,-2.8,0
2002-01-31,149.1,98.4,-2.1,0
2002-02-07,148.9,96.9,-1.7,0
2002-02-14,149.1,98.6,-1.2,0
2002-02-21,149.1,98.5,-0.6,0
2002-02-28,148.2,88.8,-0.5,0
2002-03-07,148.8,94.8,-0.1,0
2002-03-14,148.9,96.5,0.3,0
2002-03-21,148.8,95.0,0.6,0
2002-03-28,148.8,94.7,1.1,0
2002-04-04,148.9,96.2,1.4,0
2002-04-11,148.1,87.4,1.5,0
2002-04-18,147.7,82.3,1.4,0
2002-04-25,147.6,81.4,1.3,0
2002-05-02,146.8,73.1,1.0,0
2002-05-09,146.4,68.0,0.8,0
2002-05-16,146.4,68.2,0.7,0
2002-05-23,146.6,70.4,0.7,0
2002-05-30,147.0,74.9,1.1,0
2002-06-06,146.7,71.1,1.5,0
2002-06-13,146.4,67.9,1.8,0
2002-06-20,146.4,68.4,2.0,0
2002-06-27,146.7,71.1,2.2,0
2002-07-04,146.6,70.7,2.4,0
2002-07-11,146.8,72.9,2.8,0
2002-07-18,146.2,65.8,3.0,0
2002-07-25,144.6,48.2,2.5,0
2002-08-01,145.8,61.5,2.5,0
2002-08-08,145.4,57.4,2.2,0
2002-08-15,146.4,68.7,2.5,0
2002-08-22,147.5,80.5,3.7,0
2002-08-29,147.6,81.4,4.5,0
2002-09-05,146.7,72.0,5.1,0
2002-09-12,146.4,68.3,5.2,0
2002-09-19,146.0,63.7,4.8,0
2002-09-26,145.2,54.4,4.2,0
2002-10-03,145.2,54.3,3.7,0
2002-10-10,144.3,44.4,3.1,0
2002-10-17,145.4,56.6,3.0,0
2002-10-24,147.1,75.7,3.7,0
2002-10-31,147.7,82.3,4.6,0
2002-11-07,148.2,88.9,5.9,0
2002-11-14,147.9,85.5,6.8,0
2002-11-21,148.5,92.1,7.3,0
2002-11-28,149.7,100.0,7.9,0
2002-12-05,149.9,100.0,8.4,0
2002-12-12,149.7,97.4,9.0,0
2002-12-19,149.1,90.4,9.1,0
2002-12-26,149.0,90.0,8.7,0
2003-01-02,149.1,91.0,8.4,0
2003-01-09,150.0,100.0,8.5,0
2003-01-16,150.6,100.0,9.0,0
2003-01-23,150.2,96.0,9.3,0
2003-01-30,149.9,92.2,9.5,0
2003-02-06,149.2,84.4,9.2,0
2003-02-13,149.0,83.0,8.7,0
2003-02-20,149.0,82.4,8.2,0
2003-02-27,148.8,80.1,7.9,0
2003-03-06,148.2,73.3,7.5,0
2003-03-13,147.3,63.6,7.0,0
2003-03-20,148.0,70.8,6.6,0
2003-03-27,148.6,78.2,6.6,0
2003-04-03,147.3,64.0,6.3,0
2003-04-10,147.2,62.7,6.3,0
2003-04-17,146.9,58.9,6.0,0
2003-04-24,147.2,62.8,5.5,0
2003-05-01,147.3,64.1,5.6,0
2003-05-08,147.7,68.0,5.7,0
2003-05-15,147.7,67.8,6.0,0
2003-05-22,147.6,66.8,6.1,0
2003-05-29,148.1,72.8,6.3,0
2003-06-05,149.2,84.8,6.8,0
2003-06-12,149.5,88.4,7.4,0
2003-06-19,150.3,97.2,8.2,0
2003-06-26,150.7,100.0,9.0,0
2003-07-03,151.1,100.0,9.6,0
2003-07-10,151.5,100.0,10.1,0
2003-07-17,152.1,100.0,10.6,0
2003-07-24,152.3,100.0,11.0,0
2003-07-31,153.6,100.0,11.8,0
2003-08-07,153.8,100.0,12.4,0
2003-08-14,154.4,100.0,13.0,0
2003-08-21,155.1,100.0,13.7,0
2003-08-28,155.2,100.0,14.0,0
2003-09-04,155.8,100.0,14.5,0
2003-09-11,156.0,100.0,14.8,0
2003-09-18,156.0,100.0,14.9,0
2003-09-25,156.7,100.0,15.1,0
2003-10-02,156.3,96.2,15.1,0
2003-10-09,157.3,100.0,15.2,0
2003-10-16,157.8,100.0,15.5,0
2003-10-23,158.4,100.0,15.8,0
2003-10-30,158.3,99.1,16.1,0
2003-11-06,158.8,100.0,16.3,0
2003-11-13,159.0,100.0,16.4,0
2003-11-20,158.9,98.9,16.3,0
2003-11-27,160.1,100.0,16.6,0
2003-12-04,161.2,100.0,17.1,0
2003-12-11,161.7,100.0,17.7,0
2003-12-18,162.2,100.0,18.5,0
2003-12-25,163.3,100.0,19.3,0
2004-01-01,163.5,100.0,19.7,0
2004-01-08,163.8,100.0,20.1,0
2004-01-15,164.3,100.0,20.4,0
2004-01-22,165.1,100.0,20.6,0
2004-01-29,166.0,100.0,21.1,0
2004-02-05,166.3,100.0,21.6,0
2004-02-12,167.1,100.0,22.1,0
2004-02-19,167.2,100.0,22.3,0
2004-02-26,167.7,100.0,22.4,0
2004-03-04,168.4,100.0,22.6,0
2004-03-11,168.9,100.0,22.7,0
2004-03-18,168.4,95.2,22.5,0
2004-03-25,168.4,95.5,22.2,0
2004-04-01,168.5,96.3,21.6,0
2004-04-08,169.4,100.0,21.3,0
2004-04-15,169.7,100.0,21.1,0
2004-04-22,169.5,97.9,20.9,0
2004-04-29,170.8,100.0,21.0,0
2004-05-06,171.5,100.0,21.1,0
2004-05-13,171.6,100.0,21.1,0
2004-05-20,171.9,100.0,21.3,0
2004-05-27,171.9,100.0,21.0,0
2004-06-03,172.1,100.0,20.5,0
2004-06-10,172.9,100.0,20.3,0
2004-06-17,173.3,100.0,20.2,0
2004-06-24,173.1,97.8,19.9,0
2004-07-01,173.5,100.0,19.7,0
2004-07-08,173.8,100.0,19.4,0
2004-07-15,173.7,99.4,19.0,0
2004-07-22,174.2,100.0,18.8,0
2004-07-29,173.4,91.4,18.2,0
2004-08-05,173.4,91.8,17.5,0
2004-08-12,173.0,87.5,16.7,0
2004-08-19,172.9,87.3,15.8,0
2004-08-26,173.2,89.7,15.3,0
2004-09-02,173.3,90.9,14.8,0
2004-09-09,173.6,93.4,14.5,0
2004-09-16,173.8,95.6,14.4,0
2004-09-23,173.8,95.8,14.1,0
2004-09-30,174.5,100.0,14.1,0
2004-10-07,175.8,100.0,14.3,0
2004-10-14,176.5,100.0,14.7,0
2004-10-21,176.7,100.0,15.1,0
2004-10-28,177.6,100.0,15.6,0
2004-11-04,178.8,100.0,16.1,0
2004-11-11,180.2,100.0,16.7,0
2004-11-18,180.9,100.0,17.5,0
2004-11-25,182.4,100.0,18.4,0
2004-12-02,183.3,100.0,19.3,0
2004-12-09,183.5,100.0,19.8,0
2004-12-16,184.1,100.0,20.2,0
2004-12-23,184.7,100.0,20.3,0
2004-12-30,184.4,97.4,20.1,0
2005-01-06,183.2,86.5,19.5,0
2005-01-13,183.2,86.3,18.7,0
2005-01-20,182.8,83.5,17.6,0
2005-01-27,182.6,80.9,16.6,0
2005-02-03,183.6,90.0,16.3,0
2005-02-10,184.2,96.2,16.2,0
2005-02-17,184.8,100.0,16.4,0
2005-02-24,185.1,100.0,16.7,0
2005-03-03,185.6,100.0,16.9,0
2005-03-10,185.6,100.0,16.9,0
2005-03-17,185.7,100.0,16.7,0
2005-03-24,185.2,95.9,16.4,0
2005-03-31,186.5,100.0,16.2,0
2005-04-07,186.9,100.0,16.2,0
2005-04-14,187.5,100.0,16.3,0
2005-04-21,187.2,97.2,16.5,0
2005-04-28,188.3,100.0,16.6,0
2005-05-05,188.6,100.0,16.7,0
2005-05-12,189.2,100.0,16.8,0
2005-05-19,189.2,100.0,16.9,0
2005-05-26,189.6,100.0,16.9,0
2005-06-02,189.4,98.4,16.7,0
2005-06-09,189.4,98.6,16.4,0
2005-06-16,189.0,95.3,15.9,0
2005-06-23,189.4,98.1,15.5,0
2005-06-30,189.3,97.9,15.1,0
2005-07-07,189.8,100.0,14.8,0
2005-07-14,190.3,100.0,14.8,0
2005-07-21,190.9,100.0,14.9,0
2005-07-28,191.0,100.0,15.0,0
2005-08-04,191.4,100.0,15.0,0
2005-08-11,191.6,100.0,15.0,0
2005-08-18,191.7,100.0,14.9,0
2005-08-25,192.6,100.0,14.9,0
2005-09-01,192.9,100.0,14.9,0
2005-09-08,193.8,100.0,15.1,0
2005-09-15,194.3,100.0,15.4,0
2005-09-22,193.6,94.1,15.2,0
2005-09-29,191.3,74.3,14.3,0
2005-10-06,189.8,60.9,12.8,0
2005-10-13,188.4,48.5,10.8,0
2005-10-20,187.9,44.9,9.0,0
2005-10-27,188.1,46.6,7.8,0
2005-11-03,188.8,52.7,7.3,0
2005-11-10,189.8,60.7,7.5,0
2005-11-17,190.3,65.6,7.9,0
2005-11-24,190.9,70.4,8.4,0
2005-12-01,192.2,82.2,9.1,0
2005-12-08,194.0,97.3,10.1,0
2005-12-15,195.1,100.0,11.1,0
2005-12-22,195.4,100.0,12.1,0
2005-12-29,194.5,92.6,12.5,0
2006-01-05,193.8,86.4,12.2,0
2006-01-12,194.2,89.8,11.8,0
2006-01-19,194.9,95.7,11.4,0
2006-01-26,195.0,96.6,11.3,0
2006-02-02,196.1,100.0,11.7,0
2006-02-09,195.9,98.3,11.9,0
2006-02-16,196.4,100.0,12.0,0
2006-02-23,197.1,100.0,12.3,0
2006-03-02,197.1,100.0,12.4,0
2006-03-09,196.7,96.9,12.4,0
2006-03-16,197.3,100.0,12.4,0
2006-03-23,197.7,100.0,12.3,0
2006-03-30,196.9,93.0,12.0,0
2006-04-06,196.5,90.1,11.7,0
2006-04-13,196.6,90.3,11.2,0
2006-04-20,196.5,90.2,10.7,0
2006-04-27,197.7,100.0,10.7,0
2006-05-04,198.1,100.0,11.0,0
2006-05-11,199.3,100.0,11.5,0
2006-05-18,198.9,97.0,11.9,0
2006-05-25,198.2,91.0,11.9,0
2006-06-01,198.5,93.4,11.8,0
2006-06-08,198.8,95.4,11.4,0
2006-06-15,197.9,87.9,11.0,0
2006-06-22,197.9,87.8,10.7,0
2006-06-29,197.6,85.7,10.3,0
2006-07-06,197.9,88.3,9.9,0
2006-07-13,197.8,87.5,9.7,0
2006-07-20,196.3,74.7,9.1,0
2006-07-27,196.3,74.6,8.6,0
2006-08-03,197.0,80.4,8.3,0
2006-08-10,196.9,79.6,7.9,0
2006-08-17,196.7,78.0,7.9,0
2006-08-24,197.1,81.3,8.0,0
2006-08-31,196.0,71.8,7.6,0
2006-09-07,195.4,67.2,7.2,0
2006-09-14,194.9,62.6,6.7,0
2006-09-21,195.0,64.0,6.1,0
2006-09-28,196.0,72.1,6.1,0
2006-10-05,196.7,77.8,6.3,0
2006-10-12,197.3,82.8,6.9,0
2006-10-19,197.6,85.7,7.4,0
2006-10-26,197.3,83.4,7.6,0
2006-11-02,197.4,84.0,7.6,0
2006-11-09,197.1,81.6,7.4,0
2006-11-16,197.5,84.7,7.2,0
2006-11-23,197.4,83.7,7.1,0
2006-11-30,195.7,69.9,6.5,0
2006-12-07,195.0,63.5,5.9,0
2006-12-14,195.0,63.7,5.1,0
2006-12-21,194.8,61.8,4.5,0
2006-12-28,194.9,62.8,4.2,0
2007-01-04,195.6,68.9,4.4,0
2007-01-11,195.9,71.1,4.6,0
2007-01-18,195.8,70.3,4.8,0
2007-01-25,195.4,67.2,4.9,0
2007-02-01,194.7,61.1,4.7,0
2007-02-08,195.1,64.7,4.5,0
2007-02-15,194.6,60.0,4.2,0
2007-02-22,194.9,63.2,4.1,0
2007-03-01,192.6,43.2,3.6,0
2007-03-08,191.2,31.4,2.7,0
2007-03-15,190.6,26.3,1.7,0
2007-03-22,191.0,29.6,0.9,0
2007-03-29,190.7,27.8,0.5,0
2007-04-05,190.5,25.6,0.5,0
2007-04-12,190.5,26.2,0.6,0
2007-04-19,190.8,28.1,0.7,0
2007-04-26,190.8,28.4,0.8,0
2007-05-03,191.4,33.6,1.1,0
2007-05-10,191.8,36.3,1.5,0
2007-05-17,192.2,39.9,2.0,0
2007-05-24,192.4,41.7,2.5,0
2007-05-31,193.4,50.3,3.1,0
2007-06-07,193.7,52.4,3.7,0
2007-06-14,193.5,51.2,4.2,0
2007-06-21,193.8,53.5,4.6,0
2007-06-28,193.1,47.7,4.6,0
2007-07-05,192.4,42.2,4.4,0
2007-07-12,192.3,41.3,4.2,0
2007-07-19,192.1,39.3,3.9,0
2007-07-26,190.9,28.7,3.4,0
2007-08-02,189.4,16.5,2.8,0
2007-08-09,188.9,12.5,2.0,0
2007-08-16,188.1,5.9,1.1,0
2007-08-23,187.8,3.3,0.5,0
2007-08-30,187.7,2.1,0.3,0
2007-09-06,187.6,1.0,0.1,0
2007-09-13,187.2,-2.2,0.0,0
2007-09-20,187.9,3.6,0.2,0
2007-09-27,187.3,-1.4,0.2,0
2007-10-04,187.0,-3.6,0.2,0
2007-10-11,187.1,-3.2,0.4,0
2007-10-18,186.7,-5.9,0.2,0
2007-10-25,185.8,-13.5,0.1,0
2007-11-01,185.0,-20.5,-0.2,0
2007-11-08,184.0,-28.9,-0.8,0
2007-11-15,182.7,-39.6,-1.6,0
2007-11-22,182.0,-45.6,-2.3,0
2007-11-29,182.2,-44.6,-2.7,0
2007-12-06,182.9,-38.4,-2.7,0
2007-12-13,183.4,-34.1,-2.3,0
2007-12-20,182.6,-41.2,-1.9,0
2007-12-27,180.9,-55.3,-2.0,0
2008-01-03,179.3,-69.0,-2.7,1
2008-01-10,177.5,-83.9,-3.9,1
2008-01-17,176.1,-95.3,-5.2,1
2008-01-24,174.8,-106.7,-6.4,1
2008-01-31,174.4,-109.7,-7.2,1
2008-02-07,173.7,-115.4,-7.8,1
2008-02-14,173.2,-120.4,-8.2,1
2008-02-21,172.9,-122.9,-8.3,1
2008-02-28,173.0,-122.0,-8.3,1
2008-03-06,172.1,-129.7,-8.3,1
2008-03-13,171.2,-137.3,-8.4,1
2008-03-20,170.9,-139.6,-8.6,1
2008-03-27,170.7,-141.0,-8.8,1
2008-04-03,170.0,-147.2,-9.0,1
2008-04-10,169.8,-148.6,-8.9,1
2008-04-17,169.1,-154.6,-9.0,1
2008-04-24,169.8,-149.0,-8.9,1
2008-05-01,168.7,-157.6,-8.8,1
2008-05-08,168.1,-162.7,-8.9,1
2008-05-15,167.4,-169.3,-8.9,1
2008-05-22,167.2,-170.5,-9.1,1
2008-05-29,166.2,-178.8,-9.3,1
2008-06-05,166.1,-180.3,-9.4,1
2008-06-12,165.1,-188.0,-9.5,1
2008-06-19,164.9,-190.1,-9.6,1
2008-06-26,163.4,-202.6,-9.8,1
2008-07-03,162.0,-214.5,-10.3,1
2008-07-10,160.8,-224.3,-10.9,1
2008-07-17,160.0,-231.6,-11.6,1
2008-07-24,160.4,-228.0,-11.8,1
2008-07-31,158.8,-241.0,-12.1,1
2008-08-07,158.1,-247.3,-12.2,1
2008-08-14,157.5,-252.6,-12.3,1
2008-08-21,156.9,-257.3,-12.6,1
2008-08-28,155.8,-266.7,-12.9,1
2008-09-04,155.4,-270.5,-13.0,1
2008-09-11,153.7,-284.0,-13.4,1
2008-09-18,153.0,-290.6,-13.9,1
2008-09-25,151.4,-303.8,-14.4,1
2008-10-02,149.6,-319.1,-15.3,1
2008-10-09,147.3,-338.0,-16.3,1
2008-10-16,144.6,-361.0,-17.8,1
2008-10-23,143.9,-367.0,-19.0,1
2008-10-30,142.1,-381.9,-20.2,1
2008-11-06,142.9,-375.5,-20.6,1
2008-11-13,140.4,-396.4,-21.0,1
2008-11-20,138.4,-413.2,-21.7,1
2008-11-27,136.2,-432.2,-22.5,1
2008-12-04,135.8,-435.3,-23.6,1
2008-12-11,134.1,-449.6,-24.4,1
2008-12-18,133.3,-456.7,-25.0,1
2008-12-25,132.4,-464.2,-25.2,1
2009-01-01,131.5,-471.9,-25.5,1
2009-01-08,131.1,-474.6,-25.5,1
2009-01-15,129.6,-487.8,-25.6,1
2009-01-22,128.0,-501.0,-26.0,1
2009-01-29,126.9,-510.5,-26.4,1
2009-02-05,125.7,-520.6,-27.0,1
2009-02-12,125.2,-525.0,-27.4,1
2009-02-19,123.5,-539.2,-27.8,1
2009-02-26,120.5,-563.9,-28.7,1
2009-03-05,118.2,-583.9,-29.8,1
2009-03-12,116.3,-600.0,-31.3,1
2009-03-19,117.0,-593.8,-32.2,1
2009-03-26,117.2,-592.1,-32.2,1
2009-04-02,117.2,-591.7,-31.6,1
2009-04-09,117.2,-592.5,-30.5,1
2009-04-16,117.2,-592.4,-29.6,1
2009-04-23,116.8,-595.7,-28.8,1
2009-04-30,115.6,-605.5,-28.4,1
2009-05-07,115.5,-606.1,-27.9,1
2009-05-14,114.9,-611.7,-27.6,1
2009-05-21,114.0,-618.7,-27.5,1
2009-05-28,113.3,-625.4,-27.2,1
2009-06-04,113.6,-622.3,-26.8,1
2009-06-11,113.4,-623.9,-26.3,1
2009-06-18,113.2,-625.5,-25.5,1
2009-06-25,113.3,-624.8,-24.5,1
2009-07-02,114.0,100.0,-23.4,0
2009-07-09,113.2,88.8,-22.5,0
2009-07-16,114.2,100.0,-21.2,0
2009-07-23,115.7,100.0,-19.4,0
2009-07-30,116.8,100.0,-17.5,0
2009-08-06,117.3,100.0,-15.1,0
2009-08-13,117.6,100.0,-13.0,0
2009-08-20,117.6,100.0,-11.3,0
2009-08-27,118.4,100.0,-9.7,0
2009-09-03,118.4,99.6,-8.4,0
2009-09-10,118.7,100.0,-7.0,0
2009-09-17,119.1,100.0,-5.5,0
2009-09-24,119.6,100.0,-4.1,0
2009-10-01,119.5,99.4,-2.8,0
2009-10-08,119.4,97.7,-1.6,0
2009-10-15,120.0,100.0,-0.4,0
2009-10-22,120.5,100.0,0.8,0
2009-10-29,119.7,89.1,1.7,0
2009-11-05,119.1,80.7,2.3,0
2009-11-12,119.6,87.6,2.9,0
2009-11-19,120.1,94.6,3.4,0
2009-11-26,120.4,97.9,4.3,0
2009-12-03,120.4,98.8,5.4,0
2009-12-10,120.8,100.0,6.4,0
2009-12-17,121.3,100.0,7.4,0
2009-12-24,121.8,100.0,8.4,0
2009-12-31,121.9,100.0,9.5,0
2010-01-07,122.2,100.0,10.4,0
2010-01-14,122.8,100.0,11.4,0
2010-01-21,122.9,100.0,12.2,0
2010-01-28,122.0,87.1,12.4,0
2010-02-04,121.5,80.6,12.4,0
2010-02-11,121.0,74.3,11.8,0
2010-02-18,121.2,76.5,11.2,0
2010-02-25,121.4,79.4,11.1,0
2010-03-04,121.6,82.3,11.3,0
2010-03-11,122.1,88.7,11.7,0
2010-03-18,122.4,93.3,12.2,0
2010-03-25,122.7,97.1,12.6,0
2010-04-01,122.6,95.8,12.9,0
2010-04-08,123.0,100.0,13.1,0
2010-04-15,123.1,100.0,13.2,0
2010-04-22,123.2,100.0,13.2,0
2010-04-29,124.1,100.0,13.6,0
2010-05-06,124.5,100.0,14.0,0
2010-05-13,124.3,96.6,14.3,0
2010-05-20,124.2,96.0,14.5,0
2010-05-27,123.9,90.9,14.0,0
2010-06-03,124.2,96.2,13.6,0
2010-06-10,124.6,100.0,13.4,0
2010-06-17,125.3,100.0,13.5,0
2010-06-24,125.7,100.0,13.8,0
2010-07-01,123.7,73.2,13.2,0
2010-07-08,121.9,49.4,11.7,0
2010-07-15,121.5,44.6,9.8,0
2010-07-22,121.2,40.1,7.6,0
2010-07-29,121.8,48.0,6.6,0
2010-08-05,122.1,52.3,6.5,0
2010-08-12,122.4,57.0,6.7,0
2010-08-19,122.1,51.8,6.9,0
2010-08-26,121.3,41.1,6.5,0
2010-09-02,120.9,36.1,5.9,0
2010-09-09,121.2,40.4,5.3,0
2010-09-16,121.4,43.3,4.9,0
2010-09-23,121.7,47.1,5.0,0
2010-09-30,121.9,49.8,5.4,0
2010-10-07,122.1,52.7,5.7,0
2010-10-14,122.6,58.9,6.1,0
2010-10-21,122.9,62.5,6.5,0
2010-10-28,123.9,76.9,7.2,0
2010-11-04,124.6,86.0,8.1,0
2010-11-11,125.5,98.5,9.2,0
2010-11-18,125.6,99.5,10.2,0
2010-11-25,125.4,96.5,10.6,0
2010-12-02,125.1,91.9,10.6,0
2010-12-09,125.8,100.0,10.5,0
2010-12-16,126.0,100.0,10.6,0
2010-12-23,126.5,100.0,10.9,0
2010-12-30,126.4,98.4,11.3,0
2011-01-06,126.5,99.6,11.4,0
2011-01-13,127.3,100.0,11.8,0
2011-01-20,127.9,100.0,12.2,0
2011-01-27,128.5,100.0,12.9,0
2011-02-03,129.2,100.0,13.8,0
2011-02-10,130.0,100.0,14.8,0
2011-02-17,130.4,100.0,15.6,0
2011-02-24,130.8,100.0,16.3,0
2011-03-03,130.4,93.9,16.5,0
2011-03-10,130.3,93.6,16.3,0
2011-03-17,130.0,89.6,15.8,0
2011-03-24,130.1,90.4,15.3,0
2011-03-31,129.6,83.9,14.7,0
2011-04-07,129.2,79.2,14.0,0
2011-04-14,128.9,74.8,13.3,0
2011-04-21,128.6,71.9,12.5,0
2011-04-28,129.8,86.6,12.4,0
2011-05-05,130.2,91.7,12.6,0
2011-05-12,130.1,90.7,12.9,0
2011-05-19,130.3,92.6,13.4,0
2011-05-26,130.2,92.3,13.3,0
2011-06-02,130.3,93.0,13.2,0
2011-06-09,130.1,90.7,13.0,0
2011-06-16,129.9,88.5,12.7,0
2011-06-23,130.0,89.8,12.4,0
2011-06-30,129.9,88.0,12.1,0
2011-07-07,130.6,97.1,12.1,0
2011-07-14,130.6,97.1,12.2,0
2011-07-21,130.5,95.3,12.2,0
2011-07-28,130.5,96.2,12.1,0
2011-08-04,129.7,85.0,11.5,0
2011-08-11,128.0,63.9,10.2,0
2011-08-18,128.3,67.0,9.1,0
2011-08-25,127.4,55.3,7.6,0
2011-09-01,128.0,63.4,6.8,0
2011-09-08,127.8,61.3,6.5,0
2011-09-15,127.5,56.9,6.0,0
2011-09-22,127.8,61.3,6.0,0
2011-09-29,127.1,52.2,5.5,0
2011-10-06,126.9,49.4,5.0,0
2011-10-13,128.0,63.0,5.0,0
2011-10-20,128.5,70.1,5.1,0
2011-10-27,129.1,77.9,5.7,0
2011-11-03,129.6,84.1,6.6,0
2011-11-10,129.9,87.7,7.2,0
2011-11-17,130.2,92.1,7.7,0
2011-11-24,129.3,79.9,7.6,0
2011-12-01,128.9,75.8,7.2,0
2011-12-08,130.4,94.9,7.3,0
2011-12-15,130.5,96.2,7.3,0
2011-12-22,130.8,99.4,7.7,0
2011-12-29,131.5,100.0,8.6,0
2012-01-05,131.8,100.0,9.0,0
2012-01-12,132.3,100.0,9.5,0
2012-01-19,133.2,100.0,10.3,0
2012-01-26,133.6,100.0,11.0,0
2012-02-02,134.0,100.0,11.7,0
2012-02-09,134.6,100.0,12.4,0
2012-02-16,135.1,100.0,13.0,0
2012-02-23,135.7,100.0,13.7,0
2012-03-01,135.6,99.6,14.1,0
2012-03-08,135.4,96.9,14.3,0
2012-03-15,135.8,100.0,14.4,0
2012-03-22,136.3,100.0,14.5,0
2012-03-29,137.1,100.0,14.9,0
2012-04-05,137.6,100.0,15.6,0
2012-04-12,137.8,100.0,16.2,0
2012-04-19,137.9,100.0,16.6,0
2012-04-26,137.5,94.2,16.4,0
2012-05-03,137.8,97.9,16.2,0
2012-05-10,137.4,93.8,15.8,0
2012-05-17,136.9,86.9,15.1,0
2012-05-24,136.3,79.6,14.4,0
2012-05-31,136.4,81.6,13.7,0
2012-06-07,135.8,74.2,12.9,0
2012-06-14,136.2,78.9,12.4,0
2012-06-21,136.6,84.0,12.4,0
2012-06-28,136.8,86.6,12.3,0
2012-07-05,137.6,96.2,12.8,0
2012-07-12,137.8,98.6,13.3,0
2012-07-19,138.0,100.0,13.6,0
2012-07-26,137.9,98.8,13.8,0
2012-08-02,138.3,100.0,13.8,0
2012-08-09,138.5,100.0,13.8,0
2012-08-16,138.8,100.0,13.9,0
2012-08-23,139.0,100.0,14.0,0
2012-08-30,139.0,99.2,13.9,0
2012-09-06,138.8,97.7,13.7,0
2012-09-13,139.3,100.0,13.6,0
2012-09-20,139.8,100.0,13.5,0
2012-09-27,140.0,100.0,13.6,0
2012-10-04,140.2,100.0,13.7,0
2012-10-11,140.4,100.0,13.8,0
2012-10-18,140.5,100.0,13.7,0
2012-10-25,140.4,98.4,13.5,0
2012-11-01,140.5,100.0,13.2,0
2012-11-08,141.2,100.0,13.1,0
2012-11-15,140.2,87.9,12.7,0
2012-11-22,140.0,85.7,12.2,0
2012-11-29,140.1,87.2,11.7,0
2012-12-06,140.5,91.5,11.1,0
2012-12-13,141.0,98.2,11.2,0
2012-12-20,141.2,100.0,11.3,0
2012-12-27,142.3,100.0,11.8,0
2013-01-03,142.7,100.0,12.3,0
2013-01-10,144.0,100.0,13.1,0
2013-01-17,144.5,100.0,14.0,0
2013-01-24,145.2,100.0,14.7,0
2013-01-31,145.5,100.0,15.4,0
2013-02-07,145.6,100.0,15.7,0
2013-02-14,146.3,100.0,16.0,0
2013-02-21,146.6,100.0,16.2,0
2013-02-28,147.7,100.0,16.7,0
2013-03-07,148.7,100.0,17.5,0
2013-03-14,149.8,100.0,18.4,0
2013-03-21,150.2,100.0,19.4,0
2013-03-28,150.5,100.0,20.1,0
2013-04-04,150.7,100.0,20.4,0
2013-04-11,150.7,99.7,20.3,0
2013-04-18,150.8,100.0,20.1,0
2013-04-25,151.1,100.0,19.9,0
2013-05-02,151.6,100.0,19.8,0
2013-05-09,152.1,100.0,20.0,0
2013-05-16,152.5,100.0,20.2,0
2013-05-23,153.3,100.0,20.5,0
2013-05-30,153.5,100.0,20.8,0
2013-06-06,153.5,99.9,20.8,0
2013-06-13,153.7,100.0,20.7,0
2013-06-20,154.0,100.0,20.4,0
2013-06-27,153.4,93.6,19.9,0
2013-07-04,153.9,99.1,19.5,0
2013-07-11,154.2,100.0,19.2,0
2013-07-18,154.2,99.3,18.8,0
2013-07-25,154.7,100.0,18.8,0
2013-08-01,156.0,100.0,19.1,0
2013-08-08,156.6,100.0,19.4,0
2013-08-15,157.2,100.0,20.0,0
2013-08-22,155.5,82.3,19.8,0
2013-08-29,154.8,74.7,18.8,0
2013-09-05,154.5,71.2,17.6,0
2013-09-12,155.4,81.2,16.5,0
2013-09-19,156.2,89.6,16.3,0
2013-09-26,156.6,94.3,16.5,0
2013-10-03,156.1,88.7,16.6,0
2013-10-10,155.8,85.6,16.3,0
2013-10-17,156.4,91.3,15.9,0
2013-10-24,157.0,98.4,15.6,0
2013-10-31,158.2,100.0,15.9,0
2013-11-07,158.9,100.0,16.5,0
2013-11-14,159.8,100.0,17.2,0
2013-11-21,160.2,100.0,17.8,0
2013-11-28,162.1,100.0,18.6,0
2013-12-05,163.2,100.0,19.5,0
2013-12-12,164.0,100.0,20.3,0
2013-12-19,163.7,97.5,20.9,0
2013-12-26,164.1,100.0,20.9,0
2014-01-02,164.8,100.0,20.8,0
2014-01-09,165.1,100.0,20.6,0
2014-01-16,164.8,96.5,20.4,0
2014-01-23,164.7,95.2,20.0,0
2014-01-30,164.1,89.8,19.2,0
2014-02-06,163.7,85.6,18.1,0
2014-02-13,164.2,90.9,17.4,0
2014-02-20,164.7,95.8,17.0,0
2014-02-27,165.2,100.0,16.8,0
2014-03-06,165.9,100.0,17.1,0
2014-03-13,166.6,100.0,17.4,0
2014-03-20,166.6,99.2,17.5,0
2014-03-27,167.1,100.0,17.7,0
2014-04-03,166.5,94.6,17.4,0
2014-04-10,166.7,96.1,17.0,0
2014-04-17,166.4,93.4,16.5,0
2014-04-24,167.0,98.9,16.1,0
2014-05-01,166.5,94.1,15.7,0
2014-05-08,166.7,96.1,15.3,0
2014-05-15,167.0,99.7,15.1,0
2014-05-22,167.1,100.0,14.7,0
2014-05-29,167.8,100.0,14.8,0
2014-06-05,168.4,100.0,14.9,0
2014-06-12,169.0,100.0,15.2,0
2014-06-19,169.4,100.0,15.5,0
2014-06-26,171.2,100.0,16.3,0
2014-07-03,172.3,100.0,17.1,0
2014-07-10,173.2,100.0,18.0,0
2014-07-17,173.9,100.0,19.1,0
2014-07-24,174.5,100.0,19.6,0
2014-07-31,174.3,97.8,19.7,0
2014-08-07,173.6,91.7,19.3,0
2014-08-14,173.7,92.1,18.7,0
2014-08-21,174.3,98.6,18.2,0
2014-08-28,174.8,100.0,18.0,0
2014-09-04,175.3,100.0,18.0,0
2014-09-11,175.5,100.0,18.1,0
2014-09-18,175.9,100.0,18.1,0
2014-09-25,177.6,100.0,18.4,0
2014-10-02,178.3,100.0,18.8,0
2014-10-09,179.0,100.0,19.4,0
2014-10-16,178.5,95.6,19.7,0
2014-10-23,179.2,100.0,19.6,0
2014-10-30,180.6,100.0,19.8,0
2014-11-06,181.8,100.0,20.1,0
2014-11-13,182.4,100.0,20.7,0
2014-11-20,183.2,100.0,21.4,0
2014-11-27,184.2,100.0,21.9,0
2014-12-04,184.3,100.0,22.1,0
2014-12-11,183.6,93.3,21.9,0
2014-12-18,183.5,92.3,21.4,0
2014-12-25,184.6,100.0,21.0,0
2015-01-01,184.5,99.1,20.6,0
2015-01-08,183.1,86.4,20.0,0
2015-01-15,183.0,85.1,19.3,0
2015-01-22,182.6,81.1,18.2,0
2015-01-29,184.6,99.2,17.8,0
2015-02-05,185.4,100.0,18.0,0
2015-02-12,186.8,100.0,18.7,0
2015-02-19,187.4,100.0,19.6,0
2015-02-26,188.0,100.0,20.1,0
2015-03-05,188.1,100.0,20.4,0
2015-03-12,187.6,95.7,20.0,0
2015-03-19,187.6,96.0,19.6,0
2015-03-26,187.8,98.0,19.0,0
2015-04-02,188.3,100.0,18.5,0
2015-04-09,189.1,100.0,18.5,0
2015-04-16,189.9,100.0,18.6,0
2015-04-23,190.1,100.0,18.8,0
2015-04-30,189.3,92.5,18.5,0
2015-05-07,188.7,87.1,17.8,0
2015-05-14,188.5,85.6,16.9,0
2015-05-21,188.7,87.6,16.0,0
2015-05-28,189.3,92.3,15.5,0
2015-06-04,189.7,96.1,15.3,0
2015-06-11,189.3,92.9,15.0,0
2015-06-18,189.8,97.0,14.8,0
2015-06-25,190.2,100.0,14.6,0
2015-07-02,189.9,97.4,14.3,0
2015-07-09,189.5,93.6,13.9,0
2015-07-16,190.4,100.0,13.6,0
2015-07-23,191.2,100.0,13.5,0
2015-07-30,190.7,95.3,13.3,0
2015-08-06,190.8,96.6,13.4,0
2015-08-13,190.8,96.4,13.1,0
2015-08-20,191.0,98.2,12.7,0
2015-08-27,189.8,87.6,12.1,0
2015-09-03,190.4,92.7,11.6,0
2015-09-10,190.4,92.9,11.1,0
2015-09-17,191.1,98.9,10.8,0
2015-09-24,191.2,99.7,10.9,0
2015-10-01,191.0,98.4,10.8,0
2015-10-08,192.0,100.0,10.9,0
2015-10-15,193.2,100.0,11.2,0
2015-10-22,193.8,100.0,11.6,0
2015-10-29,193.8,99.7,12.0,0
2015-11-05,193.5,97.3,12.1,0
2015-11-12,193.3,95.5,11.8,0
2015-11-19,192.7,90.3,11.3,0
2015-11-26,193.9,100.0,11.1,0
2015-12-03,194.5,100.0,11.1,0
2015-12-10,193.8,94.3,11.1,0
2015-12-17,193.5,91.3,11.1,0
2015-12-24,194.4,99.5,11.0,0
2015-12-31,195.8,100.0,11.1,0
2016-01-07,195.5,97.4,11.3,0
2016-01-14,194.2,86.8,11.3,0
2016-01-21,193.9,84.3,10.9,0
2016-01-28,194.9,92.5,10.5,0
2016-02-04,196.1,100.0,10.4,0
2016-02-11,195.9,98.1,10.6,0
2016-02-18,196.2,100.0,11.0,0
2016-02-25,196.2,100.0,11.2,0
2016-03-03,196.4,100.0,11.0,0
2016-03-10,197.1,100.0,11.2,0
2016-03-17,197.2,100.0,11.3,0
2016-03-24,198.0,100.0,11.5,0
2016-03-31,198.7,100.0,11.9,0
2016-04-07,199.1,100.0,12.3,0
2016-04-14,199.4,100.0,12.6,0
2016-04-21,200.2,100.0,13.0,0
2016-04-28,200.9,100.0,13.4,0
2016-05-05,201.0,100.0,13.7,0
2016-05-12,200.8,98.0,13.8,0
2016-05-19,200.6,96.5,13.7,0
2016-05-26,201.7,100.0,13.6,0
2016-06-02,202.7,100.0,13.8,0
2016-06-09,203.8,100.0,14.3,0
2016-06-16,203.6,98.4,14.8,0
2016-06-23,203.1,94.9,14.9,0
2016-06-30,202.9,92.7,14.7,0
2016-07-07,203.8,100.0,14.4,0
2016-07-14,204.7,100.0,14.4,0
2016-07-21,205.5,100.0,14.8,0
2016-07-28,205.5,100.0,15.2,0
2016-08-04,205.5,100.0,15.3,0
2016-08-11,205.7,100.0,15.3,0
2016-08-18,205.7,99.9,15.0,0
2016-08-25,207.0,100.0,15.1,0
2016-09-01,207.5,100.0,15.3,0
2016-09-08,208.2,100.0,15.6,0
2016-09-15,207.9,97.8,15.8,0
2016-09-22,208.4,100.0,15.8,0
2016-09-29,208.4,99.7,15.7,0
2016-10-06,208.3,99.2,15.4,0
2016-10-13,208.3,99.1,15.1,0
2016-10-20,208.1,97.5,14.7,0
2016-10-27,208.3,99.0,14.4,0
2016-11-03,208.0,96.9,14.0,0
2016-11-10,208.2,97.8,13.6,0
2016-11-17,209.1,100.0,13.6,0
2016-11-24,209.7,100.0,13.6,0
2016-12-01,210.3,100.0,13.9,0
2016-12-08,210.9,100.0,14.3,0
2016-12-15,212.0,100.0,14.7,0
2016-12-22,212.4,100.0,15.0,0
2016-12-29,211.9,96.6,15.1,0
2017-01-05,211.6,94.3,14.9,0
2017-01-12,212.5,100.0,14.7,0
2017-01-19,213.0,100.0,14.5,0
2017-01-26,212.8,98.7,14.4,0
2017-02-02,213.2,100.0,14.4,0
2017-02-09,213.4,100.0,14.3,0
2017-02-16,214.1,100.0,14.2,0
2017-02-23,214.4,100.0,14.2,0
2017-03-02,215.5,100.0,14.4,0
2017-03-09,215.7,100.0,14.7,0
2017-03-16,216.3,100.0,14.9,0
2017-03-23,217.5,100.0,15.3,0
2017-03-30,217.7,100.0,15.4,0
2017-04-06,217.9,100.0,15.6,0
2017-04-13,218.3,100.0,15.7,0
2017-04-20,218.5,100.0,15.6,0
2017-04-27,220.2,100.0,15.8,0
2017-05-04,221.0,100.0,16.2,0
2017-05-11,222.4,100.0,16.8,0
2017-05-18,222.9,100.0,17.5,0
2017-05-25,222.4,96.0,17.6,0
2017-06-01,222.2,95.1,17.5,0
2017-06-08,222.4,96.7,17.1,0
2017-06-15,222.2,94.6,16.5,0
2017-06-22,222.1,94.0,16.1,0
2017-06-29,222.8,99.0,15.8,0
2017-07-06,223.0,100.0,15.6,0
2017-07-13,223.6,100.0,15.5,0
2017-07-20,224.1,100.0,15.6,0
2017-07-27,224.3,100.0,15.6,0
2017-08-03,224.3,100.0,15.6,0
2017-08-10,224.7,100.0,15.5,0
2017-08-17,224.6,99.3,15.3,0
2017-08-24,224.4,97.6,14.9,0
2017-08-31,223.3,89.9,14.3,0
2017-09-07,222.9,86.7,13.6,0
2017-09-14,222.8,85.5,12.8,0
2017-09-21,222.3,82.2,12.1,0
2017-09-28,222.9,86.7,11.7,0
2017-10-05,223.7,92.3,11.6,0
2017-10-12,224.3,97.0,11.7,0
2017-10-19,224.6,99.7,12.0,0
2017-10-26,226.6,100.0,12.5,0
2017-11-02,227.9,100.0,13.2,0
2017-11-09,228.7,100.0,13.9,0
2017-11-16,229.1,100.0,14.6,0
2017-11-23,229.6,100.0,14.9,0
2017-11-30,230.2,100.0,15.1,0
2017-12-07,230.6,100.0,15.1,0
2017-12-14,231.6,100.0,15.3,0
2017-12-21,231.8,100.0,15.5,0
2017-12-28,234.0,100.0,16.0,0
2018-01-04,235.5,100.0,16.8,0
2018-01-11,237.8,100.0,17.8,0
2018-01-18,238.4,100.0,18.9,0
2018-01-25,238.0,97.8,19.4,0
2018-02-01,237.6,94.8,19.4,0
2018-02-08,236.3,85.3,18.6,0
2018-02-15,235.2,77.5,17.4,0
2018-02-22,236.5,86.6,16.6,0
2018-03-01,235.8,81.8,15.7,0
2018-03-08,235.2,78.0,15.1,0
2018-03-15,235.9,82.5,14.9,0
2018-03-22,235.8,81.9,14.4,0
2018-03-29,235.6,80.4,14.0,0
2018-04-05,236.3,85.7,13.9,0
2018-04-12,236.6,87.5,13.7,0
2018-04-19,236.9,90.0,13.7,0
2018-04-26,237.9,97.0,13.8,0
2018-05-03,239.2,100.0,14.2,0
2018-05-10,240.0,100.0,14.6,0
2018-05-17,241.7,100.0,15.3,0
2018-05-24,242.2,100.0,16.0,0
2018-05-31,242.0,98.6,16.3,0
2018-06-07,242.2,99.6,16.4,0
2018-06-14,243.2,100.0,16.4,0
2018-06-21,243.0,99.1,16.2,0
2018-06-28,243.5,100.0,16.2,0
2018-07-05,243.4,99.8,16.1,0
2018-07-12,244.4,100.0,16.0,0
2018-07-19,244.8,100.0,16.0,0
2018-07-26,243.7,92.7,15.7,0
2018-08-02,243.3,89.9,15.3,0
2018-08-09,243.0,87.7,14.6,0
2018-08-16,243.0,87.6,13.9,0
2018-08-23,243.1,88.6,13.4,0
2018-08-30,244.0,94.5,13.3,0
2018-09-06,244.3,96.8,13.2,0
2018-09-13,244.5,97.9,13.2,0
2018-09-20,245.5,100.0,13.4,0
2018-09-27,245.8,100.0,13.4,0
2018-10-04,246.1,100.0,13.4,0
2018-10-11,245.8,97.9,13.3,0
2018-10-18,244.9,91.7,12.8,0
2018-10-25,244.6,89.7,12.2,0
2018-11-01,244.2,86.9,11.4,0
2018-11-08,245.4,95.3,11.0,0
2018-11-15,245.5,95.4,10.8,0
2018-11-22,244.6,89.8,10.6,0
2018-11-29,242.9,78.0,10.0,0
2018-12-06,243.8,84.3,9.4,0
2018-12-13,243.0,78.5,8.7,0
2018-12-20,241.3,66.7,7.8,0
2018-12-27,240.9,64.1,7.2,0
2019-01-03,242.5,75.0,6.7,0
2019-01-10,244.0,85.5,6.8,0
2019-01-17,245.1,93.2,7.5,0
2019-01-24,246.0,99.1,8.4,0
2019-01-31,244.9,91.7,8.8,0
2019-02-07,245.4,94.9,9.0,0
2019-02-14,245.0,92.1,8.8,0
2019-02-21,245.6,96.2,8.6,0
2019-02-28,246.8,100.0,8.9,0
2019-03-07,247.6,100.0,9.2,0
2019-03-14,247.9,100.0,9.6,0
2019-03-21,248.7,100.0,10.0,0
2019-03-28,249.9,100.0,10.5,0
2019-04-04,251.2,100.0,11.0,0
2019-04-11,252.5,100.0,11.8,0
2019-04-18,253.7,100.0,12.6,0
2019-04-25,255.2,100.0,13.4,0
2019-05-02,255.8,100.0,14.1,0
2019-05-09,255.7,99.7,14.5,0
2019-05-16,255.2,96.4,14.5,0
2019-05-23,254.5,91.9,14.1,0
2019-05-30,253.7,86.4,13.4,0
2019-06-06,252.7,80.1,12.6,0
2019-06-13,253.4,84.6,12.0,0
2019-06-20,254.1,88.8,11.8,0
2019-06-27,252.9,81.3,11.4,0
2019-07-04,252.3,76.9,11.2,0
2019-07-11,251.7,73.3,10.7,0
2019-07-18,251.8,74.0,10.1,0
2019-07-25,251.8,74.0,9.7,0
2019-08-01,253.5,85.0,9.8,0
2019-08-08,253.3,83.5,10.0,0
2019-08-15,253.3,83.7,10.2,0
2019-08-22,253.9,87.5,10.4,0
2019-08-29,252.2,76.8,10.0,0
2019-09-05,252.1,76.2,9.6,0
2019-09-12,252.5,78.7,9.3,0
2019-09-19,252.7,80.0,9.0,0
2019-09-26,253.4,84.2,9.1,0
2019-10-03,253.4,84.5,9.2,0
2019-10-10,252.9,81.2,9.2,0
2019-10-17,253.5,85.3,9.2,0
2019-10-24,253.8,87.3,9.2,0
2019-10-31,254.7,92.8,9.3,0
2019-11-07,255.4,97.3,9.7,0
2019-11-14,256.0,100.0,10.0,0
2019-11-21,256.4,100.0,10.4,0
2019-11-28,257.0,100.0,10.6,0
2019-12-05,256.7,98.6,10.7,0
2019-12-12,256.8,99.0,10.7,0
2019-12-19,256.9,99.9,10.6,0
2019-12-26,257.3,100.0,10.5,0
2020-01-02,257.3,100.0,10.4,0
2020-01-09,256.6,95.0,10.1,0
2020-01-16,256.7,95.9,9.8,0
2020-01-23,257.5,100.0,9.6,0
2020-01-30,258.6,100.0,9.7,0
2020-02-06,258.5,99.8,9.9,0
2020-02-13,260.4,100.0,10.4,0
2020-02-20,260.7,100.0,10.8,0
2020-02-27,260.3,97.6,11.0,0
2020-03-05,258.1,83.2,10.7,1
2020-03-12,256.7,73.9,9.7,1
2020-03-19,253.3,52.1,8.1,1
2020-03-26,249.6,28.3,5.9,1
2021-03-04,197.9,100.0,17.5,0
2021-03-11,200.0,100.0,20.7,0
2021-03-18,202.2,100.0,24.1,0
2021-03-25,204.2,100.0,27.7,0
2021-04-01,204.3,100.0,31.0,0
2021-04-08,205.3,100.0,33.9,0
2021-04-15,205.8,100.0,36.1,0
2021-04-22,206.5,100.0,37.6,0
2021-04-29,207.4,100.0,38.8,0
2021-05-06,207.8,100.0,39.2,0
2021-05-13,208.3,100.0,39.0,0
2021-05-20,207.8,95.9,37.9,0
2021-05-27,207.9,96.7,36.2,0
2021-06-03,206.9,88.6,34.0,0
2021-06-10,208.3,99.7,32.4,0
2021-06-17,209.0,100.0,31.3,0
2021-06-24,209.9,100.0,30.8,0
2021-07-01,209.8,99.4,30.6,0
2021-07-08,210.7,100.0,30.2,0
2021-07-15,212.2,100.0,30.1,0
2021-07-22,212.7,100.0,29.8,0
2021-07-29,213.6,100.0,29.8,0
2021-08-05,216.3,100.0,30.3,0
2021-08-12,218.9,100.0,31.1,0
2021-08-19,220.5,100.0,32.2,0
2021-08-26,221.0,100.0,33.2,0
2021-09-02,222.9,100.0,33.9,0
