Date,BCI,BCIp,BCIg
09/02/1967,100.0,100.0,0.0
16/02/1967,100.0,99.5,0.0
23/02/1967,99.6,93.1,0.0
02/03/1967,99.8,96.4,0.0
09/03/1967,99.9,98.7,0.0
16/03/1967,99.7,94.6,0.0
23/03/1967,99.9,98.4,0.0
30/03/1967,99.9,97.6,0.0
06/04/1967,99.2,85.8,0.0
13/04/1967,98.5,75.1,0.0
20/04/1967,98.9,82.2,0.0
27/04/1967,99.8,96.6,0.0
04/05/1967,100.4,100.0,0.0
11/05/1967,100.5,100.0,0.0
18/05/1967,100.1,93.4,0.0
25/05/1967,99.8,88.3,0.0
01/06/1967,100.2,95.6,0.0
08/06/1967,100.6,100.0,0.0
15/06/1967,101.4,100.0,0.0
22/06/1967,101.8,100.0,0.0
29/06/1967,102.0,100.0,0.0
06/07/1967,102.3,100.0,0.0
13/07/1967,103.1,100.0,0.0
20/07/1967,103.2,100.0,0.0
27/07/1967,103.2,99.8,0.0
03/08/1967,103.4,100.0,0.0
10/08/1967,103.4,99.9,0.0
17/08/1967,103.4,100.0,0.0
24/08/1967,103.6,100.0,0.0
31/08/1967,103.5,98.0,0.0
07/09/1967,104.0,100.0,0.0
14/09/1967,104.3,100.0,0.0
21/09/1967,104.9,100.0,0.0
28/09/1967,104.9,100.0,0.0
05/10/1967,104.7,96.7,0.0
12/10/1967,104.9,99.7,0.0
19/10/1967,104.5,93.0,0.0
26/10/1967,104.5,93.1,0.0
02/11/1967,104.6,94.3,0.0
09/11/1967,104.2,87.9,0.0
16/11/1967,104.1,87.5,0.0
23/11/1967,104.7,97.2,0.0
30/11/1967,106.1,100.0,0.0
07/12/1967,106.7,100.0,0.0
14/12/1967,107.3,100.0,0.0
21/12/1967,107.4,100.0,0.0
28/12/1967,106.6,87.4,0.0
04/01/1968,106.2,81.2,0.0
11/01/1968,106.3,82.3,0.0
18/01/1968,106.4,83.7,0.0
25/01/1968,105.6,71.7,0.0
01/02/1968,105.0,62.7,12.3
08/02/1968,104.9,60.5,11.3
15/02/1968,104.2,49.2,10.1
22/02/1968,104.2,49.3,9.2
29/02/1968,104.3,51.9,8.7
07/03/1968,103.6,40.9,7.9
14/03/1968,104.1,48.7,7.7
21/03/1968,104.1,48.5,7.5
28/03/1968,104.7,57.4,7.5
04/04/1968,105.9,76.7,8.5
11/04/1968,107.2,96.9,9.8
18/04/1968,108.5,100.0,11.7
25/04/1968,108.3,97.3,13.1
02/05/1968,108.7,100.0,14.2
09/05/1968,108.9,100.0,14.6
16/05/1968,108.8,98.3,14.4
23/05/1968,108.2,90.3,14.1
30/05/1968,108.9,100.0,13.8
06/06/1968,109.7,100.0,13.9
13/06/1968,110.6,100.0,14.4
20/06/1968,110.2,93.9,15.0
27/06/1968,109.5,84.2,15.0
04/07/1968,109.2,78.5,14.4
11/07/1968,109.7,87.3,13.7
18/07/1968,109.2,79.4,13.0
25/07/1968,108.6,69.7,12.2
01/08/1968,108.4,66.8,11.6
08/08/1968,108.4,66.6,10.8
15/08/1968,108.2,64.4,10.1
22/08/1968,108.1,62.6,9.7
29/08/1968,108.4,67.5,9.6
05/09/1968,108.9,73.9,9.6
12/09/1968,109.9,90.4,10.2
19/09/1968,110.3,96.2,11.1
26/09/1968,111.2,100.0,12.2
03/10/1968,111.6,100.0,13.2
10/10/1968,112.0,100.0,14.0
17/10/1968,111.9,98.5,14.5
24/10/1968,112.4,100.0,14.8
31/10/1968,112.4,100.0,14.9
07/11/1968,112.3,99.4,14.8
14/11/1968,112.8,100.0,14.9
21/11/1968,113.3,100.0,15.0
28/11/1968,113.3,99.4,15.2
05/12/1968,114.1,100.0,15.7
12/12/1968,114.0,99.0,16.0
19/12/1968,113.8,95.5,15.9
26/12/1968,113.2,87.2,15.7
02/01/1969,112.7,78.7,14.7
09/01/1969,111.6,62.3,13.3
16/01/1969,110.8,51.0,11.7
23/01/1969,111.0,53.7,10.4
30/01/1969,111.9,68.0,9.9
06/02/1969,112.5,75.5,10.1
13/02/1969,112.6,77.6,10.7
20/02/1969,112.5,75.9,11.2
27/02/1969,110.8,51.1,10.4
06/03/1969,110.5,46.3,9.2
13/03/1969,110.4,46.0,7.9
20/03/1969,110.2,43.0,6.7
27/03/1969,110.7,50.1,6.4
03/04/1969,111.7,65.0,6.8
10/04/1969,112.4,74.4,7.4
17/04/1969,112.6,77.2,8.3
24/04/1969,112.7,79.7,9.0
01/05/1969,113.1,84.6,9.4
08/05/1969,113.9,97.1,10.0
15/05/1969,114.3,100.0,10.6
22/05/1969,114.1,96.6,11.0
29/05/1969,113.7,91.9,11.1
05/06/1969,113.4,86.6,10.7
12/06/1969,113.2,83.8,10.0
19/06/1969,112.4,72.3,9.1
26/06/1969,111.8,62.8,8.1
03/07/1969,111.8,63.6,7.4
10/07/1969,111.9,65.4,6.7
17/07/1969,110.3,41.3,5.7
24/07/1969,109.4,28.5,4.6
31/07/1969,108.5,14.6,3.1
07/08/1969,108.6,16.0,1.6
14/08/1969,108.3,12.5,0.8
21/08/1969,108.8,19.5,0.5
28/08/1969,109.0,21.6,0.7
04/09/1969,109.1,22.9,0.9
11/09/1969,108.6,16.0,1.0
18/09/1969,108.3,11.2,0.7
25/09/1969,108.2,10.1,0.4
02/10/1969,107.5,0.1,-0.2
09/10/1969,107.1,-6.2,-0.7
16/10/1969,107.1,-6.3,-1.1
23/10/1969,107.5,0.3,-1.3
30/10/1969,107.2,-5.0,-1.3
06/11/1969,106.5,-14.5,-1.4
13/11/1969,106.4,-16.3,-1.5
20/11/1969,105.8,-24.7,-2.1
27/11/1969,104.8,-39.7,-2.9
04/12/1969,104.6,-42.3,-3.4
11/12/1969,103.5,-58.0,-4.4
18/12/1969,102.8,-68.9,-5.4
25/12/1969,102.6,-71.4,-6.0
01/01/1970,103.1,-65.3,-6.3
08/01/1970,103.1,-65.0,-6.2
15/01/1970,102.5,-73.5,-6.0
22/01/1970,101.6,-86.1,-6.2
29/01/1970,100.8,-98.0,-6.8
05/02/1970,99.8,-112.4,-7.9
12/02/1970,99.8,-113.6,-8.7
19/02/1970,99.7,-115.3,-9.2
26/02/1970,99.3,-120.8,-9.5
05/03/1970,99.5,-117.3,-9.3
12/03/1970,99.2,-122.3,-9.2
19/03/1970,98.5,-131.9,-9.3
26/03/1970,98.3,-135.1,-9.4
02/04/1970,97.2,-152.0,-10.0
09/04/1970,95.7,-173.2,-11.1
16/04/1970,94.3,-193.4,-12.4
23/04/1970,93.1,-211.8,-14.2
30/04/1970,91.7,-232.7,-15.9
07/05/1970,90.2,-253.7,-17.6
14/05/1970,88.9,-273.7,-19.3
21/05/1970,87.4,-295.2,-21.0
28/05/1970,86.7,-306.3,-22.3
04/06/1970,88.6,-277.9,-22.3
11/06/1970,88.8,-275.3,-21.7
18/06/1970,88.5,-279.3,-20.6
25/06/1970,88.8,-274.9,-19.0
02/07/1970,88.1,-285.4,-18.6
09/07/1970,87.7,-291.0,-18.3
16/07/1970,88.4,-281.3,-17.7
23/07/1970,89.1,-270.4,-16.9
30/07/1970,89.5,-265.2,-15.7
06/08/1970,89.2,-269.0,-14.4
13/08/1970,88.9,-273.9,-13.6
20/08/1970,88.7,-276.6,-13.1
27/08/1970,89.6,-262.5,-12.5
03/09/1970,89.8,-260.7,-11.6
10/09/1970,89.8,-260.6,-10.6
17/09/1970,89.4,-265.3,-9.6
24/09/1970,89.0,-271.4,-9.2
01/10/1970,89.4,-265.5,-8.8
08/10/1970,89.8,-260.0,-8.1
15/10/1970,89.1,-270.4,-7.7
22/10/1970,88.4,-280.0,-7.3
29/10/1970,88.6,-277.3,-7.1
05/11/1970,88.7,-276.4,-7.0
12/11/1970,88.8,-274.8,-6.5
19/11/1970,88.3,-282.6,-5.9
26/11/1970,87.9,-287.9,-5.7
03/12/1970,88.6,100.0,-5.1
10/12/1970,89.1,100.0,-4.3
17/12/1970,89.3,100.0,-3.2
24/12/1970,89.7,100.0,-1.7
31/12/1970,90.3,100.0,-0.3
07/01/1971,91.0,100.0,1.2
14/01/1971,91.8,100.0,3.0
21/01/1971,92.3,100.0,4.8
28/01/1971,93.3,100.0,6.9
04/02/1971,94.0,100.0,8.9
11/02/1971,94.5,100.0,10.7
18/02/1971,94.8,100.0,12.4
25/02/1971,94.8,100.0,13.5
04/03/1971,94.8,100.0,14.2
11/03/1971,95.5,100.0,15.0
18/03/1971,95.7,100.0,15.7
25/03/1971,95.7,100.0,16.4
01/04/1971,95.4,93.6,16.8
08/04/1971,95.4,93.4,16.9
15/04/1971,95.7,99.9,17.0
22/04/1971,95.8,100.0,17.1
29/04/1971,96.6,100.0,17.8
06/05/1971,97.2,100.0,18.8
13/05/1971,97.2,100.0,19.4
20/05/1971,97.0,95.5,19.8
27/05/1971,96.8,92.3,19.5
03/06/1971,96.8,92.8,18.9
10/06/1971,97.1,98.5,18.4
17/06/1971,97.1,97.2,18.1
24/06/1971,96.6,89.1,17.5
01/07/1971,96.4,85.7,16.9
08/07/1971,96.7,90.1,16.3
15/07/1971,97.0,95.6,15.9
22/07/1971,96.8,92.6,15.6
29/07/1971,97.3,100.0,15.7
05/08/1971,96.7,90.3,15.4
12/08/1971,96.4,84.8,14.8
19/08/1971,97.2,98.0,14.6
26/08/1971,98.0,100.0,14.7
02/09/1971,98.4,100.0,15.2
09/09/1971,98.8,100.0,16.1
16/09/1971,98.6,96.5,16.5
23/09/1971,98.3,91.2,16.3
30/09/1971,97.5,78.8,15.4
07/10/1971,97.6,79.7,14.4
14/10/1971,97.8,83.0,13.6
21/10/1971,97.2,72.4,12.6
28/10/1971,96.8,66.4,11.9
04/11/1971,96.7,63.6,11.1
11/11/1971,96.7,64.7,10.1
18/11/1971,96.2,55.6,9.3
25/11/1971,96.5,61.8,8.8
02/12/1971,97.4,76.7,8.9
09/12/1971,98.8,99.7,9.6
16/12/1971,99.3,100.0,10.9
23/12/1971,100.4,100.0,12.6
30/12/1971,101.4,100.0,14.2
06/01/1972,102.4,100.0,15.7
13/01/1972,104.0,100.0,17.8
20/01/1972,104.7,100.0,19.6
27/01/1972,105.1,100.0,21.1
03/02/1972,105.6,100.0,22.2
10/02/1972,106.1,100.0,22.8
17/02/1972,106.2,100.0,23.1
24/02/1972,106.2,99.4,23.2
02/03/1972,106.8,100.0,23.3
09/03/1972,107.5,100.0,23.6
16/03/1972,107.7,100.0,23.9
23/03/1972,107.7,99.3,24.2
30/03/1972,107.9,100.0,24.2
06/04/1972,108.4,100.0,24.1
13/04/1972,108.9,100.0,24.2
20/04/1972,109.0,100.0,24.3
27/04/1972,108.5,92.2,24.1
04/05/1972,108.3,88.9,23.5
11/05/1972,108.1,86.2,22.5
18/05/1972,108.1,86.3,21.5
25/05/1972,108.9,97.3,21.2
01/06/1972,109.9,100.0,21.6
08/06/1972,110.1,100.0,22.1
15/06/1972,110.2,100.0,22.6
22/06/1972,110.5,100.0,22.9
29/06/1972,110.8,100.0,22.8
06/07/1972,110.8,100.0,22.6
13/07/1972,110.8,99.4,22.3
20/07/1972,110.0,87.9,21.4
27/07/1972,110.7,98.0,20.8
03/08/1972,111.1,100.0,20.4
10/08/1972,112.0,100.0,20.4
17/08/1972,113.0,100.0,21.3
24/08/1972,113.7,100.0,22.2
31/08/1972,113.9,100.0,23.0
07/09/1972,114.2,100.0,23.5
14/09/1972,113.9,94.8,23.3
21/09/1972,113.9,95.7,22.7
28/09/1972,115.2,100.0,22.8
05/10/1972,116.4,100.0,23.2
12/10/1972,117.0,100.0,24.0
19/10/1972,116.9,98.4,24.7
26/10/1972,117.7,100.0,25.2
02/11/1972,118.5,100.0,25.4
09/11/1972,119.4,100.0,25.8
16/11/1972,119.9,100.0,26.4
23/11/1972,120.5,100.0,26.8
30/11/1972,121.8,100.0,27.5
07/12/1972,122.4,100.0,28.0
14/12/1972,123.7,100.0,28.9
21/12/1972,123.9,100.0,29.6
28/12/1972,122.5,80.8,28.9
04/01/1973,122.8,85.6,28.1
11/01/1973,123.5,94.5,27.1
18/01/1973,123.9,99.7,26.2
25/01/1973,124.0,100.0,26.1
01/02/1973,124.2,100.0,26.0
08/02/1973,124.3,100.0,25.6
15/02/1973,124.8,100.0,25.3
22/02/1973,124.9,100.0,25.0
01/03/1973,124.5,94.7,24.4
08/03/1973,124.7,96.5,23.9
15/03/1973,125.3,100.0,23.5
22/03/1973,125.0,95.5,22.8
29/03/1973,123.9,80.4,21.8
05/04/1973,123.7,78.0,20.7
12/04/1973,123.9,80.5,19.5
19/04/1973,124.1,83.6,18.5
26/04/1973,124.0,81.8,18.0
03/05/1973,122.8,66.6,17.1
10/05/1973,123.6,77.1,16.4
17/05/1973,122.8,65.7,15.3
24/05/1973,121.8,52.4,13.8
31/05/1973,122.0,55.4,13.0
07/06/1973,120.7,38.6,11.3
14/06/1973,121.3,46.0,10.2
21/06/1973,120.5,36.0,9.3
28/06/1973,119.9,27.2,8.1
05/07/1973,119.7,24.9,7.4
12/07/1973,119.7,24.1,6.4
19/07/1973,120.0,28.4,5.9
26/07/1973,120.5,34.9,5.8
02/08/1973,120.7,38.4,5.9
09/08/1973,120.0,29.0,5.8
16/08/1973,118.9,14.5,5.0
23/08/1973,117.6,-3.6,3.6
30/08/1973,117.1,-10.3,2.0
06/09/1973,117.1,-10.6,0.7
13/09/1973,116.8,-14.4,-0.3
20/09/1973,116.6,-16.9,-0.8
27/09/1973,117.1,-10.6,-0.9
04/10/1973,117.2,-8.8,-0.9
11/10/1973,117.4,-6.7,-0.7
18/10/1973,117.5,-4.5,-0.4
25/10/1973,117.1,-9.9,-0.4
01/11/1973,117.1,-10.2,-0.5
08/11/1973,115.9,-25.6,-1.0
15/11/1973,115.4,-33.5,-1.8
22/11/1973,114.0,-51.5,-3.0
29/11/1973,112.9,-66.2,-4.5
06/12/1973,111.4,-86.5,-6.0
13/12/1973,111.9,-79.6,-7.1
20/12/1973,111.3,-88.0,-7.9
27/12/1973,110.5,-98.0,-8.5
03/01/1974,110.7,-96.2,-8.5
10/01/1974,110.5,-99.0,-8.7
17/01/1974,108.5,-125.5,-9.4
24/01/1974,108.4,-126.6,-9.9
31/01/1974,107.5,-139.1,-10.7
07/02/1974,106.6,-150.8,-11.7
14/02/1974,105.6,-164.4,-12.4
21/02/1974,105.2,-169.5,-13.2
28/02/1974,105.5,-165.7,-13.4
07/03/1974,105.6,-163.9,-13.3
14/03/1974,106.1,-157.6,-12.6
21/03/1974,105.8,-161.1,-11.9
28/03/1974,105.4,-167.2,-11.4
04/04/1974,104.3,-181.6,-11.4
11/04/1974,103.9,-187.3,-11.7
18/04/1974,103.8,-189.1,-12.0
25/04/1974,103.9,-186.6,-12.1
02/05/1974,103.3,-194.7,-11.9
09/05/1974,103.8,-188.9,-11.4
16/05/1974,103.7,-189.5,-10.9
23/05/1974,102.9,-200.0,-10.7
30/05/1974,102.5,-206.5,-10.5
06/06/1974,102.4,-206.9,-10.5
13/06/1974,103.1,-197.2,-10.2
20/06/1974,102.6,-204.4,-9.8
27/06/1974,102.1,-211.8,-9.5
04/07/1974,101.5,-219.4,-9.3
11/07/1974,100.5,-232.1,-9.9
18/07/1974,100.2,-237.3,-10.3
25/07/1974,100.5,-232.3,-10.4
01/08/1974,99.2,-249.8,-10.8
08/08/1974,98.4,-261.1,-11.1
15/08/1974,97.7,-270.6,-11.5
22/08/1974,95.8,-295.4,-12.9
29/08/1974,94.2,-317.3,-14.3
05/09/1974,93.5,-327.1,-15.7
12/09/1974,92.7,-336.7,-17.1
19/09/1974,91.1,-359.0,-18.3
26/09/1974,91.0,-360.5,-19.0
03/10/1974,89.0,-387.4,-20.1
10/10/1974,88.4,-395.3,-21.2
17/10/1974,90.0,-372.9,-20.9
24/10/1974,90.2,-371.5,-20.5
31/10/1974,89.2,-384.4,-19.7
07/11/1974,89.5,-379.6,-18.4
14/11/1974,89.0,-386.5,-18.1
21/11/1974,87.1,-412.9,-18.6
28/11/1974,85.0,-440.2,-19.6
05/12/1974,84.4,-449.2,-21.0
12/12/1974,82.0,-480.9,-23.2
19/12/1974,81.1,-492.8,-24.9
26/12/1974,80.0,-507.3,-26.2
02/01/1975,79.8,-510.7,-27.3
09/01/1975,79.8,-510.2,-27.4
16/01/1975,79.4,-515.4,-27.3
23/01/1975,78.8,-523.1,-27.1
30/01/1975,78.9,-522.6,-26.6
06/02/1975,79.1,-520.0,-26.2
13/02/1975,78.9,-522.5,-25.6
20/02/1975,78.9,-522.0,-24.8
27/02/1975,78.6,-526.6,-24.2
06/03/1975,78.4,-529.2,-23.7
13/03/1975,78.3,-530.9,-23.3
20/03/1975,77.9,-536.0,-22.9
27/03/1975,77.1,-546.8,-22.8
03/04/1975,76.9,100.0,-22.7
10/04/1975,76.0,80.9,-22.9
17/04/1975,76.4,89.0,-22.7
24/04/1975,76.5,91.9,-22.1
01/05/1975,76.7,95.8,-21.4
08/05/1975,77.4,100.0,-19.9
15/05/1975,77.6,100.0,-18.5
22/05/1975,77.5,97.0,-17.2
29/05/1975,78.0,100.0,-15.7
05/06/1975,78.9,100.0,-14.1
12/06/1975,78.9,99.9,-12.5
19/06/1975,79.0,100.0,-10.9
26/06/1975,79.9,100.0,-9.0
03/07/1975,80.7,100.0,-7.1
10/07/1975,81.4,100.0,-4.9
17/07/1975,81.7,100.0,-2.5
24/07/1975,81.7,98.2,-0.7
31/07/1975,80.6,77.5,0.1
07/08/1975,80.3,71.0,0.2
14/08/1975,80.4,71.4,0.2
21/08/1975,80.2,67.6,0.1
28/08/1975,80.3,69.5,0.7
04/09/1975,80.9,82.7,1.7
11/09/1975,81.1,87.7,2.8
18/09/1975,80.5,75.0,3.6
25/09/1975,81.1,87.1,4.7
02/10/1975,81.1,87.1,5.3
09/10/1975,81.6,97.0,6.1
16/10/1975,82.2,100.0,7.5
23/10/1975,83.0,100.0,9.1
30/10/1975,83.1,100.0,10.7
06/11/1975,83.0,97.8,11.9
13/11/1975,83.6,100.0,13.1
20/11/1975,84.1,100.0,14.1
27/11/1975,84.7,100.0,15.4
04/12/1975,85.6,100.0,17.2
11/12/1975,85.5,98.7,18.6
18/12/1975,86.1,100.0,19.9
25/12/1975,86.7,100.0,21.0
01/01/1976,88.0,100.0,22.4
08/01/1976,89.4,100.0,24.7
15/01/1976,90.3,100.0,27.1
22/01/1976,91.3,100.0,29.6
29/01/1976,91.9,100.0,31.7
05/02/1976,92.7,100.0,33.2
12/02/1976,93.2,100.0,34.5
19/02/1976,93.4,100.0,35.2
26/02/1976,93.5,100.0,35.5
04/03/1976,93.0,90.6,34.8
11/03/1976,93.1,92.2,33.8
18/03/1976,93.2,94.6,32.9
25/03/1976,93.4,97.6,31.9
01/04/1976,93.9,100.0,31.6
08/04/1976,94.2,100.0,31.5
15/04/1976,93.9,93.5,30.9
22/04/1976,94.2,99.2,30.5
29/04/1976,93.9,94.1,29.6
06/05/1976,93.5,85.8,28.1
13/05/1976,93.5,85.8,26.9
20/05/1976,93.2,80.7,25.3
27/05/1976,93.1,79.8,24.0
03/06/1976,93.1,79.3,23.0
10/06/1976,93.1,79.9,22.0
17/06/1976,93.5,86.2,21.4
24/06/1976,94.1,97.1,21.3
01/07/1976,93.7,90.5,21.0
08/07/1976,93.4,84.9,20.4
15/07/1976,93.8,92.3,20.0
22/07/1976,93.6,88.0,19.0
29/07/1976,93.7,90.1,18.4
05/08/1976,93.8,91.9,18.1
12/08/1976,94.1,97.2,17.6
19/08/1976,94.3,100.0,17.4
26/08/1976,94.7,100.0,17.4
02/09/1976,95.3,100.0,17.6
09/09/1976,95.8,100.0,17.9
16/09/1976,96.1,100.0,18.3
23/09/1976,96.5,100.0,18.6
30/09/1976,96.2,94.9,18.4
07/10/1976,95.5,82.5,17.5
14/10/1976,95.0,75.1,16.2
21/10/1976,94.7,70.3,14.6
28/10/1976,95.2,77.9,13.5
04/11/1976,95.8,89.4,13.1
11/11/1976,95.6,84.4,12.9
18/11/1976,95.6,84.3,12.8
25/11/1976,96.4,98.7,12.9
02/12/1976,96.7,100.0,12.9
09/12/1976,97.3,100.0,13.3
16/12/1976,98.0,100.0,14.1
23/12/1976,98.2,100.0,14.6
30/12/1976,99.2,100.0,15.5
06/01/1977,100.1,100.0,16.5
13/01/1977,100.2,100.0,17.2
20/01/1977,100.5,100.0,18.0
27/01/1977,100.6,100.0,18.3
03/02/1977,100.5,99.3,18.1
10/02/1977,100.4,97.8,17.8
17/02/1977,100.0,90.4,17.1
24/02/1977,100.0,90.3,16.5
03/03/1977,100.7,100.0,16.3
10/03/1977,101.4,100.0,16.5
17/03/1977,102.2,100.0,17.4
24/03/1977,102.4,100.0,18.4
31/03/1977,102.2,96.6,18.8
07/04/1977,102.2,96.6,18.9
14/04/1977,102.8,100.0,18.9
21/04/1977,103.1,100.0,18.9
28/04/1977,103.1,99.9,19.0
05/05/1977,103.7,100.0,19.4
12/05/1977,104.3,100.0,19.7
19/05/1977,104.7,100.0,20.1
26/05/1977,104.1,91.0,20.2
02/06/1977,103.4,79.2,19.6
09/06/1977,103.7,84.1,18.8
16/06/1977,104.0,88.9,17.9
23/06/1977,104.6,98.3,17.7
30/06/1977,104.7,100.0,18.0
07/07/1977,104.7,99.1,18.0
14/07/1977,104.9,100.0,18.1
21/07/1977,105.5,100.0,18.1
28/07/1977,105.6,100.0,18.0
04/08/1977,105.2,94.4,17.8
11/08/1977,105.2,94.2,17.5
18/08/1977,105.1,92.5,16.8
25/08/1977,104.8,86.9,15.9
01/09/1977,104.3,80.2,15.0
08/09/1977,104.6,84.6,14.3
15/09/1977,104.6,83.5,13.6
22/09/1977,104.3,80.3,13.0
29/09/1977,104.7,85.2,12.9
06/10/1977,105.3,95.2,12.9
13/10/1977,105.5,98.7,13.0
20/10/1977,105.2,93.7,13.0
27/10/1977,105.2,93.8,12.9
03/11/1977,105.4,97.4,12.6
10/11/1977,105.6,100.0,12.2
17/11/1977,106.8,100.0,12.6
24/11/1977,106.8,100.0,13.1
01/12/1977,107.1,100.0,13.5
08/12/1977,106.3,87.2,13.4
15/12/1977,106.7,93.6,13.0
22/12/1977,106.7,93.5,12.5
29/12/1977,107.2,100.0,12.2
05/01/1978,107.6,100.0,12.5
12/01/1978,107.1,91.6,12.4
19/01/1978,106.9,88.8,12.1
26/01/1978,107.1,92.1,11.8
02/02/1978,106.6,84.4,11.1
09/02/1978,106.4,82.0,10.5
16/02/1978,106.7,85.4,10.2
23/02/1978,105.4,65.4,9.2
02/03/1978,105.0,59.7,8.2
09/03/1978,104.7,54.7,7.1
16/03/1978,105.2,63.2,6.3
23/03/1978,105.7,69.5,6.3
30/03/1978,105.6,68.3,6.4
06/04/1978,105.5,66.9,6.7
13/04/1978,106.0,75.7,6.9
20/04/1978,107.3,95.1,7.6
27/04/1978,108.8,100.0,9.0
04/05/1978,109.9,100.0,10.9
11/05/1978,110.5,100.0,12.9
18/05/1978,111.7,100.0,14.8
25/05/1978,112.0,100.0,16.1
01/06/1978,112.3,100.0,17.0
08/06/1978,113.5,100.0,18.2
15/06/1978,114.0,100.0,18.9
22/06/1978,113.7,95.1,19.4
29/06/1978,113.1,86.9,19.4
06/07/1978,112.8,82.5,18.7
13/07/1978,113.0,85.7,17.8
20/07/1978,113.1,87.2,17.2
27/07/1978,113.2,89.1,17.0
03/08/1978,113.9,98.7,17.2
10/08/1978,114.7,100.0,17.7
17/08/1978,114.5,96.8,18.1
24/08/1978,114.3,94.1,18.2
31/08/1978,113.7,85.8,17.8
07/09/1978,113.6,83.6,16.9
14/09/1978,114.4,95.4,16.5
21/09/1978,114.0,90.3,16.0
28/09/1978,113.6,83.2,15.5
05/10/1978,113.7,85.5,15.3
12/10/1978,114.4,95.2,14.9
19/10/1978,114.1,91.4,14.6
26/10/1978,113.0,74.8,14.0
02/11/1978,112.5,67.9,13.1
09/11/1978,112.7,70.0,12.0
16/11/1978,112.5,67.9,11.0
23/11/1978,112.9,73.2,10.7
30/11/1978,113.7,84.7,11.0
07/12/1978,113.2,77.5,11.0
14/12/1978,113.6,84.3,11.3
21/12/1978,113.0,75.0,11.1
28/12/1978,112.6,69.8,10.4
04/01/1979,112.6,69.0,9.9
11/01/1979,113.1,76.7,9.5
18/01/1979,112.8,72.6,9.2
25/01/1979,112.6,69.2,9.0
01/02/1979,112.5,67.4,8.8
08/02/1979,111.7,55.9,7.9
15/02/1979,111.3,50.7,7.1
22/02/1979,111.3,50.4,6.3
01/03/1979,110.3,36.0,5.2
08/03/1979,109.7,26.0,4.1
15/03/1979,109.8,28.7,3.3
22/03/1979,110.1,32.3,2.6
29/03/1979,110.0,31.1,2.3
05/04/1979,109.9,29.3,2.2
12/04/1979,110.3,34.9,2.3
19/04/1979,109.8,27.4,2.0
26/04/1979,110.0,31.7,1.9
03/05/1979,110.5,38.8,2.1
10/05/1979,110.6,39.5,2.1
17/05/1979,110.6,40.4,2.5
24/05/1979,111.4,52.1,3.1
31/05/1979,111.4,50.9,3.4
07/06/1979,111.2,48.4,3.7
14/06/1979,111.7,55.7,4.2
21/06/1979,111.9,58.7,4.4
28/06/1979,111.8,58.1,4.7
05/07/1979,111.6,53.9,4.9
12/07/1979,111.7,56.6,5.0
19/07/1979,110.8,42.9,4.6
26/07/1979,110.1,32.7,3.9
02/08/1979,110.2,33.8,3.4
09/08/1979,110.1,32.8,2.8
16/08/1979,110.1,33.2,2.6
23/08/1979,110.0,31.3,2.7
30/08/1979,109.9,29.2,2.7
06/09/1979,109.6,25.1,2.6
13/09/1979,109.4,22.2,2.4
20/09/1979,109.6,24.6,2.3
27/09/1979,110.0,31.3,2.5
04/10/1979,110.0,31.6,2.9
11/10/1979,109.8,27.7,3.2
18/10/1979,108.5,9.3,2.9
25/10/1979,107.1,-11.8,1.7
01/11/1979,106.7,-16.7,0.5
08/11/1979,106.5,-20.7,-0.8
15/11/1979,106.2,-25.3,-1.6
22/11/1979,106.4,-22.0,-1.7
29/11/1979,105.6,-33.1,-2.0
06/12/1979,105.2,-39.7,-2.3
13/12/1979,104.8,-45.7,-2.7
20/12/1979,104.6,-48.2,-3.2
27/12/1979,103.3,-66.6,-3.9
03/01/1980,102.7,-76.1,-4.7
10/01/1980,102.0,-85.6,-5.6
17/01/1980,102.2,-83.2,-6.3
24/01/1980,102.1,-85.4,-6.5
31/01/1980,101.8,-89.3,-6.6
07/02/1980,101.3,-97.0,-6.6
14/02/1980,101.2,-97.7,-6.7
21/02/1980,100.5,-108.0,-7.0
28/02/1980,100.0,-116.0,-7.5
06/03/1980,99.5,-123.2,-7.9
13/03/1980,98.3,-140.6,-8.8
20/03/1980,97.2,-155.9,-9.9
27/03/1980,95.5,-181.8,-11.4
03/04/1980,94.8,-192.0,-13.0
10/04/1980,94.6,-194.4,-14.1
17/04/1980,94.1,-202.1,-15.0
24/04/1980,93.1,-216.9,-15.6
01/05/1980,92.2,-229.4,-16.2
08/05/1980,91.4,-241.7,-17.0
15/05/1980,90.2,-258.9,-18.1
22/05/1980,89.7,-266.8,-19.0
29/05/1980,88.2,-287.9,-20.1
05/06/1980,86.7,-310.7,-21.4
12/06/1980,86.1,-319.5,-22.5
19/06/1980,85.7,-325.2,-23.5
26/06/1980,86.3,-316.5,-23.6
03/07/1980,86.5,-313.2,-23.0
10/07/1980,86.8,-309.4,-22.1
17/07/1980,87.1,-304.2,-20.8
24/07/1980,87.7,-295.4,-19.5
31/07/1980,88.4,100.0,-18.0
07/08/1980,88.8,100.0,-16.5
14/08/1980,89.5,100.0,-14.8
21/08/1980,89.6,100.0,-13.3
28/08/1980,90.5,100.0,-11.7
04/09/1980,90.9,100.0,-10.1
11/09/1980,91.3,100.0,-8.6
18/09/1980,92.1,100.0,-6.8
25/09/1980,92.9,100.0,-5.1
02/10/1980,92.5,93.5,-3.7
09/10/1980,93.3,100.0,-2.1
16/10/1980,93.6,100.0,-0.8
23/10/1980,94.0,100.0,0.4
30/10/1980,93.4,89.1,1.4
06/11/1980,93.0,82.5,1.8
13/11/1980,93.5,92.2,2.3
20/11/1980,94.7,100.0,3.2
27/11/1980,95.1,100.0,4.6
04/12/1980,94.7,92.9,5.9
11/12/1980,94.0,80.2,6.6
18/12/1980,93.5,71.3,6.4
25/12/1980,94.2,84.5,6.3
01/01/1981,94.6,91.9,6.7
08/01/1981,94.6,91.6,7.5
15/01/1981,94.0,80.2,8.1
22/01/1981,93.8,78.1,8.2
29/01/1981,93.1,65.4,7.8
05/02/1981,92.7,57.6,7.1
12/02/1981,92.6,56.9,6.7
19/02/1981,92.3,50.7,6.3
26/02/1981,91.4,35.0,5.7
05/03/1981,91.5,36.7,5.4
12/03/1981,91.6,37.8,5.2
19/03/1981,92.0,45.0,5.3
26/03/1981,92.2,48.4,6.0
02/04/1981,92.1,47.9,6.6
09/04/1981,92.0,45.0,7.0
16/04/1981,91.7,40.3,7.0
23/04/1981,92.0,44.6,7.0
30/04/1981,91.7,39.7,6.8
07/05/1981,90.9,25.6,6.3
14/05/1981,90.3,15.1,5.6
21/05/1981,90.3,15.3,4.7
28/05/1981,89.8,7.2,3.8
04/06/1981,89.4,-0.2,3.0
11/06/1981,88.8,-11.7,2.1
18/06/1981,88.8,-10.4,1.3
25/06/1981,88.5,-16.2,0.5
02/07/1981,88.1,-23.0,-0.3
09/07/1981,87.1,-40.6,-1.2
16/07/1981,87.3,-37.8,-2.1
23/07/1981,87.3,-38.2,-2.8
30/07/1981,86.3,-54.9,-3.7
06/08/1981,86.0,-59.8,-4.2
13/08/1981,86.0,-59.9,-4.8
20/08/1981,85.2,-75.2,-5.8
27/08/1981,84.3,-91.3,-6.7
03/09/1981,83.5,-105.5,-7.9
10/09/1981,82.7,-119.5,-9.4
17/09/1981,82.7,-119.1,-10.4
24/09/1981,81.6,-138.0,-11.4
01/10/1981,80.5,-158.0,-12.5
08/10/1981,80.4,-160.1,-13.3
15/10/1981,80.2,-162.9,-14.1
22/10/1981,79.7,-172.6,-14.7
29/10/1981,78.8,-187.9,-15.0
05/11/1981,78.6,-190.8,-15.4
12/11/1981,78.2,-198.0,-15.9
19/11/1981,77.4,-212.1,-16.5
26/11/1981,77.3,-214.0,-16.8
03/12/1981,77.3,-215.0,-16.9
10/12/1981,77.1,-217.0,-16.9
17/12/1981,76.4,-230.0,-16.8
24/12/1981,76.3,-231.4,-16.7
31/12/1981,76.0,-238.1,-16.8
07/01/1982,75.5,-246.6,-17.0
14/01/1982,74.9,-257.2,-17.2
21/01/1982,74.9,-256.6,-17.2
28/01/1982,75.1,-253.9,-17.1
04/02/1982,75.6,-243.9,-16.3
11/02/1982,75.4,-248.2,-15.4
18/02/1982,75.0,-255.5,-14.8
25/02/1982,74.0,-273.1,-14.7
04/03/1982,73.2,-286.1,-15.4
11/03/1982,72.3,-303.3,-16.4
18/03/1982,71.8,-311.6,-17.4
25/03/1982,72.0,-308.8,-17.8
01/04/1982,71.5,-316.8,-18.0
08/04/1982,71.4,-318.3,-17.7
15/04/1982,71.3,-320.1,-17.3
22/04/1982,70.9,-327.7,-17.1
29/04/1982,70.7,-331.0,-16.8
06/05/1982,70.4,-336.5,-16.6
13/05/1982,70.4,-336.4,-16.3
20/05/1982,69.9,-344.8,-16.1
27/05/1982,69.1,-359.8,-16.2
03/06/1982,68.1,-376.6,-16.7
10/06/1982,67.7,-383.2,-17.4
17/06/1982,67.3,-390.6,-18.1
24/06/1982,66.8,-399.9,-18.5
01/07/1982,67.3,-391.8,-18.2
08/07/1982,67.2,-393.0,-17.7
15/07/1982,67.2,-392.4,-17.0
22/07/1982,67.6,-385.1,-15.7
29/07/1982,67.2,-393.4,-15.0
05/08/1982,66.6,-403.5,-14.6
12/08/1982,66.0,-413.9,-14.5
19/08/1982,66.0,-414.4,-14.7
26/08/1982,67.0,-396.2,-14.0
02/09/1982,67.4,-388.6,-12.7
09/09/1982,67.8,-382.9,-10.9
16/09/1982,67.7,-383.4,-9.1
23/09/1982,67.6,-385.1,-8.0
30/09/1982,67.7,-383.4,-7.2
07/10/1982,67.6,-385.8,-6.6
14/10/1982,68.6,-367.6,-5.4
21/10/1982,68.9,-363.1,-4.0
28/10/1982,69.7,-348.1,-2.2
04/11/1982,70.1,-342.1,0.0
11/11/1982,70.9,-328.1,2.0
18/11/1982,70.5,-335.1,3.5
25/11/1982,70.3,-337.8,4.4
02/12/1982,70.2,100.0,4.9
09/12/1982,71.1,100.0,5.4
16/12/1982,70.9,96.2,6.0
23/12/1982,71.1,100.0,6.9
30/12/1982,72.2,100.0,8.6
06/01/1983,72.6,100.0,10.0
13/01/1983,74.1,100.0,12.6
20/01/1983,74.9,100.0,15.6
27/01/1983,74.7,93.5,17.5
03/02/1983,75.0,100.0,19.3
10/02/1983,75.3,100.0,20.2
17/02/1983,75.6,100.0,20.7
24/02/1983,75.6,99.6,21.4
03/03/1983,76.5,100.0,22.5
10/03/1983,77.1,100.0,23.8
17/03/1983,77.2,100.0,24.9
24/03/1983,77.3,100.0,25.9
31/03/1983,77.5,100.0,26.4
07/04/1983,77.4,99.6,26.3
14/04/1983,77.6,100.0,26.2
21/04/1983,78.0,100.0,26.4
28/04/1983,78.6,100.0,26.9
05/05/1983,79.1,100.0,27.7
12/05/1983,79.7,100.0,28.7
19/05/1983,79.7,100.0,29.5
26/05/1983,80.4,100.0,30.3
02/06/1983,80.6,100.0,30.8
09/06/1983,81.4,100.0,31.4
16/06/1983,81.6,100.0,32.1
23/06/1983,82.5,100.0,32.8
30/06/1983,82.9,100.0,33.6
07/07/1983,83.4,100.0,34.2
14/07/1983,83.9,100.0,34.9
21/07/1983,84.2,100.0,35.1
28/07/1983,84.9,100.0,35.6
04/08/1983,84.7,95.0,35.4
11/08/1983,84.8,97.9,35.0
18/08/1983,85.3,100.0,34.6
25/08/1983,85.1,97.4,33.6
01/09/1983,84.9,92.0,32.5
08/09/1983,85.2,97.8,31.6
15/09/1983,85.2,98.8,30.5
22/09/1983,85.5,100.0,29.6
29/09/1983,85.6,100.0,29.1
06/10/1983,85.4,95.4,28.2
13/10/1983,86.4,100.0,28.0
20/10/1983,86.5,100.0,27.6
27/10/1983,86.7,100.0,27.3
03/11/1983,86.9,100.0,27.3
10/11/1983,87.1,100.0,26.8
17/11/1983,88.0,100.0,26.9
24/11/1983,88.3,100.0,26.9
01/12/1983,88.3,100.0,26.9
08/12/1983,88.7,100.0,27.0
15/12/1983,88.9,100.0,26.6
22/12/1983,89.1,100.0,26.1
29/12/1983,89.2,100.0,25.7
05/01/1984,89.6,100.0,25.3
12/01/1984,90.5,100.0,25.4
19/01/1984,90.9,100.0,25.7
26/01/1984,92.2,100.0,26.7
02/02/1984,92.6,100.0,27.8
09/02/1984,92.6,99.1,28.2
16/02/1984,92.5,96.7,28.3
23/02/1984,92.8,100.0,27.7
01/03/1984,92.8,98.9,26.9
08/03/1984,92.4,92.6,25.8
15/03/1984,92.3,90.5,24.9
22/03/1984,92.6,96.2,23.9
29/03/1984,92.6,96.3,23.0
05/04/1984,92.8,99.7,22.5
12/04/1984,92.6,95.4,21.9
19/04/1984,92.9,100.0,21.2
26/04/1984,92.8,98.3,20.6
03/05/1984,92.9,99.9,19.8
10/05/1984,92.8,98.0,19.2
17/05/1984,92.5,93.7,18.3
24/05/1984,92.2,88.2,17.4
31/05/1984,91.8,81.1,16.1
07/06/1984,92.5,92.9,15.4
14/06/1984,92.6,94.6,14.9
21/06/1984,92.3,89.9,14.4
28/06/1984,92.5,93.4,14.3
05/07/1984,92.6,95.0,13.9
12/07/1984,92.7,96.4,13.5
19/07/1984,92.4,91.2,13.1
26/07/1984,92.3,89.5,12.6
02/08/1984,92.8,98.5,12.3
09/08/1984,94.2,100.0,12.9
16/08/1984,94.9,100.0,13.9
23/08/1984,94.8,98.3,14.9
30/08/1984,94.6,95.3,15.5
06/09/1984,94.3,89.9,15.1
13/09/1984,94.1,86.0,14.2
20/09/1984,94.3,89.5,13.5
27/09/1984,93.6,77.7,12.5
04/10/1984,93.2,70.2,11.5
11/10/1984,92.6,59.3,10.4
18/10/1984,92.7,61.1,9.1
25/10/1984,92.6,60.2,8.3
01/11/1984,93.1,69.3,8.0
08/11/1984,93.7,79.7,8.4
15/11/1984,93.7,79.9,8.7
22/11/1984,93.6,78.0,9.0
29/11/1984,93.7,79.5,9.0
06/12/1984,93.7,80.2,8.8
13/12/1984,94.1,86.9,8.8
20/12/1984,94.3,90.8,9.0
27/12/1984,93.9,82.9,8.8
03/01/1985,93.9,83.9,8.7
10/01/1985,93.5,76.6,8.2
17/01/1985,93.8,81.0,7.8
24/01/1985,94.3,90.9,7.8
31/01/1985,95.2,100.0,8.4
07/02/1985,95.1,98.0,9.1
14/02/1985,95.1,97.4,9.7
21/02/1985,95.0,97.3,10.0
28/02/1985,95.2,100.0,9.9
07/03/1985,95.4,100.0,10.0
14/03/1985,95.5,100.0,10.1
21/03/1985,95.5,99.3,10.2
28/03/1985,95.9,100.0,10.5
04/04/1985,96.4,100.0,10.9
11/04/1985,96.6,100.0,11.3
18/04/1985,96.9,100.0,11.9
25/04/1985,96.8,97.9,12.2
02/05/1985,96.7,96.5,12.2
09/05/1985,96.7,97.3,12.1
16/05/1985,97.1,100.0,12.1
23/05/1985,97.7,100.0,12.4
30/05/1985,97.4,96.2,12.6
06/06/1985,97.4,96.1,12.7
13/06/1985,97.2,92.6,12.6
20/06/1985,96.9,87.5,12.0
27/06/1985,97.7,100.0,11.9
04/07/1985,98.4,100.0,12.2
11/07/1985,98.9,100.0,12.9
18/07/1985,98.8,99.7,13.7
25/07/1985,99.1,100.0,14.1
01/08/1985,99.3,100.0,14.4
08/08/1985,99.5,100.0,14.5
15/08/1985,99.5,99.3,14.5
22/08/1985,99.3,96.1,14.4
29/08/1985,99.5,100.0,14.3
05/09/1985,99.8,100.0,14.2
12/09/1985,99.7,98.6,14.1
19/09/1985,99.2,90.3,13.8
26/09/1985,98.9,85.4,13.3
03/10/1985,99.1,88.7,12.7
10/10/1985,98.8,83.1,12.0
17/10/1985,98.7,82.6,11.5
24/10/1985,99.2,90.6,11.4
31/10/1985,98.8,82.7,11.0
07/11/1985,98.7,81.4,10.7
14/11/1985,98.9,85.3,10.5
21/11/1985,99.4,93.1,10.4
28/11/1985,99.6,96.7,10.6
05/12/1985,99.8,99.8,10.9
12/12/1985,99.9,100.0,11.2
19/12/1985,99.9,100.0,11.2
26/12/1985,100.5,100.0,11.4
02/01/1986,101.5,100.0,12.1
09/01/1986,101.9,100.0,12.9
16/01/1986,101.2,90.0,13.3
23/01/1986,101.4,91.9,13.4
30/01/1986,101.8,99.7,13.3
06/02/1986,102.2,100.0,13.2
13/02/1986,102.7,100.0,13.6
20/02/1986,103.2,100.0,14.3
27/02/1986,103.6,100.0,14.9
06/03/1986,103.5,98.7,15.2
13/03/1986,103.9,100.0,15.5
20/03/1986,104.4,100.0,15.8
27/03/1986,104.5,100.0,15.9
03/04/1986,104.5,99.5,16.1
10/04/1986,103.8,88.0,15.7
17/04/1986,104.1,93.3,15.2
24/04/1986,104.7,100.0,14.9
01/05/1986,105.5,100.0,15.1
08/05/1986,105.5,100.0,15.7
15/05/1986,105.7,100.0,16.2
22/05/1986,105.5,97.3,16.3
29/05/1986,106.1,100.0,16.2
05/06/1986,106.6,100.0,16.4
12/06/1986,106.0,91.9,16.3
19/06/1986,106.3,96.2,16.3
26/06/1986,106.1,93.5,16.0
03/07/1986,106.3,95.9,15.5
10/07/1986,105.9,90.2,15.1
17/07/1986,104.9,73.8,14.0
24/07/1986,105.1,76.3,13.2
31/07/1986,104.7,70.0,12.1
07/08/1986,104.2,63.0,11.0
14/08/1986,104.7,70.2,10.7
21/08/1986,104.8,72.2,10.3
28/08/1986,104.9,74.3,10.3
04/09/1986,104.8,71.7,10.3
11/09/1986,104.6,69.3,10.1
18/09/1986,102.9,42.8,9.0
25/09/1986,102.6,36.8,7.7
02/10/1986,101.9,26.9,6.2
09/10/1986,102.0,28.2,4.8
16/10/1986,101.7,23.6,4.1
23/10/1986,102.1,29.2,3.8
30/10/1986,103.5,51.5,4.4
06/11/1986,104.8,71.6,5.6
13/11/1986,105.7,85.8,7.3
20/11/1986,105.8,88.0,8.9
27/11/1986,105.7,85.8,9.7
04/12/1986,106.2,93.7,10.1
11/12/1986,105.7,86.0,9.9
18/12/1986,105.4,81.5,9.5
25/12/1986,105.5,82.9,9.2
01/01/1987,106.0,90.5,8.9
08/01/1987,106.5,99.0,9.1
15/01/1987,107.3,100.0,9.8
22/01/1987,108.4,100.0,11.0
29/01/1987,110.1,100.0,12.7
05/02/1987,110.8,100.0,14.6
12/02/1987,111.2,100.0,16.2
19/02/1987,111.7,100.0,17.5
26/02/1987,111.5,98.0,17.9
05/03/1987,111.2,92.7,17.7
12/03/1987,111.5,98.1,17.6
19/03/1987,111.6,99.1,17.2
26/03/1987,112.2,100.0,17.2
02/04/1987,112.2,100.0,17.4
09/04/1987,112.7,100.0,17.7
16/04/1987,111.6,84.4,17.4
23/04/1987,112.1,91.6,17.1
30/04/1987,111.7,85.1,16.5
07/05/1987,112.3,94.2,16.0
14/05/1987,113.1,100.0,16.4
21/05/1987,112.6,92.4,16.4
28/05/1987,112.9,96.7,16.7
04/06/1987,113.8,100.0,17.2
11/06/1987,114.1,100.0,17.4
18/06/1987,115.2,100.0,18.3
25/06/1987,114.9,96.6,19.0
02/07/1987,114.6,91.5,19.1
09/07/1987,114.1,84.3,18.7
16/07/1987,114.8,95.2,18.2
23/07/1987,115.4,100.0,18.1
30/07/1987,115.3,98.2,18.1
06/08/1987,115.4,100.0,18.4
13/08/1987,116.2,100.0,18.6
20/08/1987,116.4,100.0,18.7
27/08/1987,117.2,100.0,19.1
03/09/1987,117.0,97.1,19.4
10/09/1987,116.6,90.9,19.1
17/09/1987,117.2,99.6,19.0
24/09/1987,116.9,96.5,18.4
01/10/1987,116.2,86.1,17.5
08/10/1987,117.2,100.0,17.3
15/10/1987,116.8,93.6,16.6
22/10/1987,114.3,57.8,14.8
29/10/1987,112.5,32.3,12.6
05/11/1987,114.3,58.3,10.8
12/11/1987,114.8,65.3,9.5
19/11/1987,114.4,60.5,9.2
26/11/1987,113.5,47.6,9.4
03/12/1987,112.8,37.6,8.5
10/12/1987,112.1,26.5,7.0
17/12/1987,112.7,35.9,6.0
24/12/1987,113.7,49.4,5.8
31/12/1987,113.4,46.0,5.8
07/01/1988,113.5,46.9,6.2
14/01/1988,113.3,44.0,6.2
21/01/1988,112.5,32.3,5.4
28/01/1988,112.1,27.4,4.7
04/02/1988,112.3,30.2,4.0
11/02/1988,112.0,25.7,3.4
18/02/1988,112.6,34.2,3.4
25/02/1988,112.9,38.4,3.6
03/03/1988,113.6,48.4,4.1
10/03/1988,114.1,56.1,5.0
17/03/1988,113.9,52.7,5.5
24/03/1988,114.4,59.2,6.1
31/03/1988,114.5,60.7,6.3
07/04/1988,115.1,69.8,6.7
14/04/1988,116.4,88.0,7.7
21/04/1988,115.6,77.8,8.1
28/04/1988,116.2,85.7,8.8
05/05/1988,116.5,90.1,9.3
12/05/1988,116.3,86.6,9.1
19/05/1988,116.3,87.1,9.2
26/05/1988,116.3,87.7,9.2
02/06/1988,116.7,93.5,9.1
09/06/1988,118.0,100.0,9.8
16/06/1988,118.7,100.0,10.7
23/06/1988,118.7,98.8,11.6
30/06/1988,118.9,100.0,12.4
07/07/1988,119.0,100.0,12.7
14/07/1988,118.9,98.5,12.7
21/07/1988,119.0,100.0,12.7
28/07/1988,118.6,94.1,12.4
04/08/1988,119.1,100.0,12.3
11/08/1988,118.9,96.6,12.2
18/08/1988,118.3,88.0,11.7
25/08/1988,117.8,82.2,11.3
01/09/1988,117.6,79.2,10.6
08/09/1988,117.8,81.7,10.1
15/09/1988,118.0,84.4,9.9
22/09/1988,118.4,89.8,10.1
29/09/1988,118.2,87.0,10.3
06/10/1988,118.6,93.5,10.6
13/10/1988,119.3,100.0,11.2
20/10/1988,119.7,100.0,11.7
27/10/1988,120.5,100.0,12.6
03/11/1988,120.3,97.1,13.2
10/11/1988,120.1,94.4,13.4
17/11/1988,120.3,96.9,13.4
24/11/1988,119.7,88.4,12.8
01/12/1988,120.0,92.4,12.5
08/12/1988,120.1,94.5,12.3
15/12/1988,120.4,97.4,12.1
22/12/1988,120.4,97.5,12.1
29/12/1988,119.4,83.7,11.6
05/01/1989,118.7,75.0,10.7
12/01/1989,118.5,71.2,9.7
19/01/1989,118.7,74.1,8.8
26/01/1989,119.2,80.6,8.5
02/02/1989,120.0,92.7,8.9
09/02/1989,120.3,96.8,9.4
16/02/1989,120.0,92.2,9.7
23/02/1989,119.8,90.3,9.8
02/03/1989,119.7,88.7,9.4
09/03/1989,119.8,90.2,9.0
16/03/1989,120.4,97.8,8.9
23/03/1989,120.1,93.4,8.8
30/03/1989,119.1,80.3,8.4
06/04/1989,118.7,74.2,7.7
13/04/1989,118.7,73.8,6.8
20/04/1989,118.9,76.6,6.2
27/04/1989,118.8,75.4,5.9
04/05/1989,118.5,71.0,5.7
11/05/1989,118.3,69.0,5.5
18/05/1989,118.6,73.1,5.3
25/05/1989,118.5,72.1,5.2
01/06/1989,119.2,81.2,5.4
08/06/1989,120.0,91.9,6.0
15/06/1989,119.9,91.3,6.5
22/06/1989,119.6,86.4,6.8
29/06/1989,120.5,98.9,7.3
06/07/1989,120.1,93.7,7.3
13/07/1989,120.7,100.0,7.6
20/07/1989,120.7,100.0,8.1
27/07/1989,120.5,97.0,8.0
03/08/1989,121.2,100.0,8.4
10/08/1989,121.4,100.0,8.7
17/08/1989,120.8,92.8,8.6
24/08/1989,120.6,89.3,8.6
31/08/1989,121.9,100.0,8.8
07/09/1989,122.5,100.0,9.1
14/09/1989,122.4,98.3,9.7
21/09/1989,122.2,96.1,10.2
28/09/1989,122.0,93.0,10.1
05/10/1989,121.7,89.7,9.6
12/10/1989,122.0,94.0,9.4
19/10/1989,120.7,74.9,8.6
26/10/1989,119.8,63.0,7.7
02/11/1989,118.8,48.9,6.4
09/11/1989,118.5,45.6,4.9
16/11/1989,118.4,44.2,4.1
23/11/1989,118.4,44.4,3.6
30/11/1989,118.5,45.9,3.5
07/12/1989,118.7,48.3,3.6
14/12/1989,118.9,51.5,3.9
21/12/1989,118.8,49.4,4.1
28/12/1989,119.0,52.8,4.3
04/01/1990,119.7,61.3,4.8
11/01/1990,119.5,59.3,5.0
18/01/1990,118.5,45.8,4.9
25/01/1990,117.3,29.3,4.2
01/02/1990,116.0,11.0,2.7
08/02/1990,116.5,17.4,1.5
15/02/1990,116.3,15.5,0.7
22/02/1990,116.4,16.0,0.4
01/03/1990,115.7,7.0,0.4
08/03/1990,116.1,12.0,0.4
15/03/1990,116.1,11.9,0.4
22/03/1990,116.4,16.1,0.5
29/03/1990,115.6,5.7,0.6
05/04/1990,115.5,4.9,0.5
12/04/1990,115.4,2.3,0.3
19/04/1990,115.6,5.5,0.1
26/04/1990,114.3,-12.7,-0.3
03/05/1990,113.9,-18.3,-0.9
10/05/1990,114.1,-15.7,-1.3
17/05/1990,114.8,-5.5,-1.5
24/05/1990,115.1,-0.9,-1.0
31/05/1990,114.8,-5.5,-0.5
07/06/1990,114.6,-7.6,-0.2
14/06/1990,114.4,-11.5,-0.2
21/06/1990,113.9,-18.3,-0.6
28/06/1990,113.4,-24.1,-1.0
05/07/1990,113.4,-25.0,-1.3
12/07/1990,113.1,-28.2,-1.6
19/07/1990,113.2,-26.8,-1.7
26/07/1990,112.6,-35.0,-1.8
02/08/1990,112.6,-36.1,-1.9
09/08/1990,111.6,-48.8,-2.2
16/08/1990,111.4,-52.3,-2.7
23/08/1990,110.3,-67.1,-3.4
30/08/1990,109.2,-81.7,-4.4
06/09/1990,109.2,-81.7,-5.1
13/09/1990,108.8,-87.2,-5.8
20/09/1990,108.3,-94.1,-6.2
27/09/1990,107.3,-108.3,-6.6
04/10/1990,107.2,-110.2,-7.0
11/10/1990,106.6,-117.5,-7.5
18/10/1990,105.9,-127.9,-8.1
25/10/1990,105.9,-127.6,-8.2
01/11/1990,104.8,-142.1,-8.7
08/11/1990,104.4,-148.6,-9.2
15/11/1990,104.2,-151.0,-9.5
22/11/1990,104.1,-152.3,-9.8
29/11/1990,102.6,-172.1,-10.3
06/12/1990,102.5,-174.6,-10.6
13/12/1990,102.5,-173.9,-10.8
20/12/1990,102.1,-180.2,-11.2
27/12/1990,102.2,-178.5,-10.9
03/01/1991,102.0,-180.5,-10.6
10/01/1991,101.5,-187.5,-10.6
17/01/1991,100.9,-195.8,-10.5
24/01/1991,101.4,-189.1,-10.4
31/01/1991,101.6,-186.9,-10.0
07/02/1991,101.5,-187.7,-9.6
14/02/1991,101.6,-185.8,-8.8
21/02/1991,101.5,-187.2,-8.3
28/02/1991,100.2,-206.2,-8.5
07/03/1991,99.6,-213.3,-8.8
14/03/1991,99.0,-222.5,-9.5
21/03/1991,98.3,-231.4,-10.3
28/03/1991,98.8,-224.6,-10.4
04/04/1991,99.5,100.0,-10.0
11/04/1991,99.4,98.2,-9.3
18/04/1991,99.7,100.0,-8.2
25/04/1991,100.1,100.0,-7.2
02/05/1991,99.9,96.4,-6.5
09/05/1991,100.0,98.6,-5.8
16/05/1991,99.7,93.4,-5.3
23/05/1991,99.7,92.8,-5.1
30/05/1991,100.0,98.5,-4.6
06/06/1991,100.4,100.0,-3.9
13/06/1991,99.9,91.3,-3.3
20/06/1991,100.0,92.7,-2.7
27/06/1991,99.9,91.7,-2.2
04/07/1991,100.2,96.6,-1.9
11/07/1991,100.5,100.0,-1.1
18/07/1991,100.8,100.0,-0.3
25/07/1991,101.3,100.0,0.7
01/08/1991,101.5,100.0,1.8
08/08/1991,101.6,100.0,2.7
15/08/1991,101.6,100.0,3.5
22/08/1991,101.4,95.7,3.9
29/08/1991,101.8,100.0,4.4
05/09/1991,101.9,100.0,4.9
12/09/1991,101.6,95.4,5.2
19/09/1991,101.4,91.2,5.5
26/09/1991,101.6,95.0,5.6
03/10/1991,101.6,95.8,5.7
10/10/1991,101.4,91.3,5.9
17/10/1991,101.3,90.2,6.0
24/10/1991,101.9,99.5,6.4
31/10/1991,101.3,90.4,6.4
07/11/1991,101.2,88.1,6.5
14/11/1991,101.1,87.0,6.5
21/11/1991,100.5,77.7,6.0
28/11/1991,100.5,77.6,5.7
05/12/1991,101.1,87.0,5.8
12/12/1991,100.9,83.8,5.8
19/12/1991,101.0,84.6,6.1
26/12/1991,101.8,97.9,6.8
02/01/1992,103.4,100.0,7.9
09/01/1992,103.9,100.0,9.4
16/01/1992,103.7,97.8,10.7
23/01/1992,103.9,100.0,11.7
30/01/1992,103.8,99.3,11.9
06/02/1992,103.5,94.0,11.6
13/02/1992,103.7,97.6,11.5
20/02/1992,103.6,95.7,11.3
27/02/1992,105.1,100.0,11.8
05/03/1992,105.3,100.0,12.6
12/03/1992,105.7,100.0,13.5
19/03/1992,106.0,100.0,14.5
26/03/1992,106.4,100.0,14.9
02/04/1992,105.6,86.7,14.7
09/04/1992,105.0,78.4,14.1
16/04/1992,105.0,78.6,13.3
23/04/1992,105.5,85.3,12.6
30/04/1992,104.6,70.9,11.9
07/05/1992,104.2,65.4,11.3
14/05/1992,103.9,60.2,10.5
21/05/1992,103.7,57.1,9.5
28/05/1992,103.7,57.3,8.9
04/06/1992,103.9,60.0,8.6
11/06/1992,103.4,52.5,8.2
18/06/1992,103.5,54.6,8.0
25/06/1992,103.5,54.4,7.8
02/07/1992,103.8,58.2,7.6
09/07/1992,103.8,59.4,7.7
16/07/1992,104.5,69.4,8.0
23/07/1992,105.1,78.8,8.6
30/07/1992,105.4,84.9,9.3
06/08/1992,105.8,90.3,10.1
13/08/1992,105.1,79.3,10.3
20/08/1992,105.8,90.4,10.5
27/08/1992,106.2,96.9,10.7
03/09/1992,106.7,100.0,11.0
10/09/1992,107.1,100.0,11.8
17/09/1992,107.6,100.0,12.5
24/09/1992,107.3,96.2,12.8
01/10/1992,107.3,96.7,12.9
08/10/1992,107.1,92.7,12.7
15/10/1992,107.4,96.9,12.3
22/10/1992,108.0,100.0,12.5
29/10/1992,108.5,100.0,12.8
05/11/1992,108.9,100.0,13.5
12/11/1992,109.5,100.0,14.3
19/11/1992,109.8,100.0,14.8
26/11/1992,110.0,100.0,15.2
03/12/1992,110.4,100.0,15.6
10/12/1992,110.8,100.0,15.9
17/12/1992,110.8,100.0,16.0
24/12/1992,111.6,100.0,16.4
31/12/1992,111.8,100.0,16.7
07/01/1993,111.7,97.3,16.7
14/01/1993,111.9,100.0,16.9
21/01/1993,112.4,100.0,17.0
28/01/1993,113.0,100.0,17.2
04/02/1993,113.6,100.0,17.9
11/02/1993,114.6,100.0,18.8
18/02/1993,114.7,100.0,19.6
25/02/1993,114.2,92.3,19.7
04/03/1993,114.4,94.4,19.7
11/03/1993,114.7,98.7,19.3
18/03/1993,114.4,95.5,18.8
25/03/1993,114.6,97.8,18.6
01/04/1993,114.3,93.0,18.2
08/04/1993,113.8,85.7,17.5
15/04/1993,113.7,85.4,16.8
22/04/1993,113.5,81.9,16.0
29/04/1993,113.0,74.1,15.0
06/05/1993,113.2,76.9,14.4
13/05/1993,113.6,83.1,14.0
20/05/1993,113.4,79.7,13.7
27/05/1993,114.9,100.0,14.2
03/06/1993,115.6,100.0,15.0
10/06/1993,116.3,100.0,15.8
17/06/1993,116.3,100.0,16.8
24/06/1993,116.2,98.5,16.9
01/07/1993,115.6,90.4,16.5
08/07/1993,115.5,89.0,15.7
15/07/1993,115.9,94.0,15.0
22/07/1993,115.7,90.7,14.3
29/07/1993,116.0,95.4,14.1
05/08/1993,116.1,97.1,13.9
12/08/1993,116.1,96.5,13.6
19/08/1993,116.3,100.0,13.5
26/08/1993,116.8,100.0,13.5
02/09/1993,117.1,100.0,13.6
09/09/1993,117.2,100.0,13.7
16/09/1993,117.5,100.0,13.9
23/09/1993,117.1,94.1,13.6
30/09/1993,117.2,95.0,13.3
07/10/1993,117.3,96.9,13.0
14/10/1993,117.6,100.0,12.6
21/10/1993,118.1,100.0,12.7
28/10/1993,118.8,100.0,13.1
04/11/1993,119.3,100.0,13.6
11/11/1993,119.7,100.0,14.2
18/11/1993,120.1,100.0,14.7
25/11/1993,120.2,100.0,15.0
02/12/1993,120.2,100.0,15.0
09/12/1993,120.6,100.0,15.1
16/12/1993,120.5,99.4,14.9
23/12/1993,120.9,100.0,14.9
30/12/1993,121.8,100.0,15.2
06/01/1994,122.4,100.0,15.7
13/01/1994,123.6,100.0,16.7
20/01/1994,123.8,100.0,17.6
27/01/1994,124.7,100.0,18.5
03/02/1994,124.6,98.2,19.1
10/02/1994,124.6,97.5,19.1
17/02/1994,124.6,97.4,19.1
24/02/1994,124.1,90.8,18.4
03/03/1994,122.5,70.3,17.1
10/03/1994,121.4,54.6,15.4
17/03/1994,120.9,48.1,13.5
24/03/1994,120.7,44.9,11.7
31/03/1994,120.7,45.9,10.7
07/04/1994,120.7,45.6,10.2
14/04/1994,121.2,52.0,10.1
21/04/1994,121.0,49.4,10.1
28/04/1994,122.3,67.2,10.5
05/05/1994,123.1,77.7,11.2
12/05/1994,123.0,76.2,11.7
19/05/1994,123.4,81.2,12.4
26/05/1994,123.1,77.4,12.4
02/06/1994,123.0,76.0,12.0
09/06/1994,123.2,79.5,11.9
16/06/1994,123.3,80.7,11.6
23/06/1994,123.1,77.6,11.3
30/06/1994,123.0,76.5,11.1
07/07/1994,123.2,79.0,10.9
14/07/1994,123.7,85.4,10.8
21/07/1994,124.1,91.6,11.0
28/07/1994,123.8,87.6,11.0
04/08/1994,124.1,90.8,11.2
11/08/1994,124.3,93.8,11.2
18/08/1994,124.5,96.5,11.0
25/08/1994,124.8,100.0,11.2
01/09/1994,125.2,100.0,11.4
08/09/1994,125.3,100.0,11.5
15/09/1994,125.3,99.8,11.6
22/09/1994,125.4,100.0,11.6
29/09/1994,125.6,100.0,11.5
06/10/1994,125.9,100.0,11.5
13/10/1994,126.3,100.0,11.6
20/10/1994,127.2,100.0,12.1
27/10/1994,127.4,100.0,12.5
03/11/1994,128.2,100.0,13.2
10/11/1994,128.5,100.0,13.8
17/11/1994,128.8,100.0,14.2
24/11/1994,128.6,97.7,14.4
01/12/1994,128.9,100.0,14.4
08/12/1994,129.1,100.0,14.3
15/12/1994,129.4,100.0,14.3
22/12/1994,130.0,100.0,14.6
29/12/1994,129.4,92.1,14.5
05/01/1995,128.9,85.2,14.2
12/01/1995,129.1,88.6,13.8
19/01/1995,129.6,94.5,13.4
26/01/1995,129.1,88.3,13.1
02/02/1995,129.5,93.6,13.2
09/02/1995,129.9,98.1,13.3
16/02/1995,130.2,100.0,13.4
23/02/1995,130.2,100.0,13.6
02/03/1995,130.2,99.0,13.7
09/03/1995,130.0,97.0,13.6
16/03/1995,130.3,100.0,13.4
23/03/1995,130.4,100.0,13.2
30/03/1995,130.1,96.0,12.9
06/04/1995,129.7,90.8,12.5
13/04/1995,129.9,93.1,12.0
20/04/1995,129.8,92.0,11.5
27/04/1995,130.6,100.0,11.4
04/05/1995,130.8,100.0,11.6
11/05/1995,131.4,100.0,11.9
18/05/1995,131.8,100.0,12.5
25/05/1995,131.6,97.4,12.6
01/06/1995,131.4,95.2,12.6
08/06/1995,131.8,100.0,12.5
15/06/1995,131.7,97.7,12.1
22/06/1995,131.9,100.0,12.0
29/06/1995,132.8,100.0,12.3
06/07/1995,133.2,100.0,12.6
13/07/1995,134.0,100.0,13.2
20/07/1995,134.0,99.7,13.7
27/07/1995,134.3,100.0,14.0
03/08/1995,135.2,100.0,14.4
10/08/1995,135.7,100.0,14.8
17/08/1995,135.8,100.0,15.2
24/08/1995,135.8,100.0,15.4
31/08/1995,136.2,100.0,15.4
07/09/1995,136.6,100.0,15.4
14/09/1995,137.2,100.0,15.6
21/09/1995,137.5,100.0,15.9
28/09/1995,136.9,91.9,15.8
05/10/1995,136.7,89.6,15.5
12/10/1995,136.6,88.6,14.9
19/10/1995,136.5,87.6,14.2
26/10/1995,136.0,81.8,13.5
02/11/1995,135.8,79.0,12.9
09/11/1995,135.9,80.3,12.4
16/11/1995,136.1,82.2,11.9
23/11/1995,136.2,83.4,11.7
30/11/1995,136.7,90.2,11.9
07/12/1995,137.0,93.3,12.1
14/12/1995,137.8,100.0,12.5
21/12/1995,137.7,99.8,12.8
28/12/1995,137.7,99.3,12.9
04/01/1996,137.9,100.0,13.0
11/01/1996,138.1,100.0,12.9
18/01/1996,138.0,99.0,12.8
25/01/1996,138.1,100.0,12.7
01/02/1996,138.5,100.0,12.7
08/02/1996,139.5,100.0,12.9
15/02/1996,139.7,100.0,13.3
22/02/1996,139.6,99.0,13.6
29/02/1996,139.7,100.0,13.7
07/03/1996,139.8,100.0,13.5
14/03/1996,139.6,97.3,13.2
21/03/1996,140.0,100.0,13.1
28/03/1996,140.6,100.0,13.1
04/04/1996,140.5,99.0,13.1
11/04/1996,140.7,100.0,13.2
18/04/1996,140.8,100.0,13.2
25/04/1996,140.7,98.8,12.9
02/05/1996,141.0,100.0,12.8
09/05/1996,140.7,96.5,12.5
16/05/1996,141.3,100.0,12.3
23/05/1996,141.9,100.0,12.5
30/05/1996,142.4,100.0,12.7
06/06/1996,142.5,100.0,13.1
13/06/1996,142.9,100.0,13.4
20/06/1996,143.1,100.0,13.5
27/06/1996,143.1,99.7,13.4
04/07/1996,143.3,100.0,13.4
11/07/1996,143.0,95.9,13.1
18/07/1996,142.5,90.8,12.6
25/07/1996,142.6,91.3,12.2
01/08/1996,142.3,88.3,11.6
08/08/1996,143.3,99.7,11.4
15/08/1996,143.4,100.0,11.6
22/08/1996,143.4,99.6,11.6
29/08/1996,143.8,100.0,12.0
05/09/1996,143.6,97.6,11.9
12/09/1996,143.9,100.0,11.8
19/09/1996,145.1,100.0,12.2
26/09/1996,145.7,100.0,12.7
03/10/1996,146.1,100.0,13.4
10/10/1996,146.7,100.0,14.2
17/10/1996,146.8,100.0,14.6
24/10/1996,147.6,100.0,14.9
31/10/1996,146.6,88.7,14.8
07/11/1996,146.3,85.1,14.4
14/11/1996,146.8,91.4,14.0
21/11/1996,146.9,92.6,13.5
28/11/1996,147.1,94.9,13.4
05/12/1996,147.4,97.7,13.5
12/12/1996,146.5,88.2,13.1
19/12/1996,145.5,76.1,12.3
26/12/1996,146.5,87.8,11.8
02/01/1997,146.6,88.2,11.2
09/01/1997,146.6,88.9,11.0
16/01/1997,146.8,90.8,11.3
23/01/1997,147.7,100.0,11.4
30/01/1997,148.2,100.0,11.8
06/02/1997,148.7,100.0,12.2
13/02/1997,149.5,100.0,13.0
20/02/1997,150.3,100.0,13.6
27/02/1997,150.3,100.0,14.1
06/03/1997,150.0,95.6,14.3
13/03/1997,150.7,100.0,14.4
20/03/1997,150.4,97.2,14.1
27/03/1997,150.6,98.7,13.9
03/04/1997,149.4,86.0,13.4
10/04/1997,149.1,81.8,12.6
17/04/1997,148.4,75.0,11.6
24/04/1997,149.1,82.1,10.8
01/05/1997,149.6,88.0,10.7
08/05/1997,150.6,98.7,11.0
15/05/1997,151.0,100.0,11.6
22/05/1997,151.4,100.0,12.2
29/05/1997,151.3,98.5,12.5
05/06/1997,151.0,95.5,12.4
12/06/1997,151.1,96.5,12.1
19/06/1997,152.0,100.0,12.1
26/06/1997,152.3,100.0,12.2
03/07/1997,152.0,97.2,12.3
10/07/1997,152.4,100.0,12.5
17/07/1997,152.8,100.0,12.6
24/07/1997,153.3,100.0,12.7
31/07/1997,154.2,100.0,13.2
07/08/1997,154.9,100.0,13.7
14/08/1997,155.0,100.0,14.2
21/08/1997,154.5,95.6,14.3
28/08/1997,154.5,94.7,14.1
04/09/1997,154.3,93.2,13.6
11/09/1997,154.8,98.4,13.2
18/09/1997,155.0,100.0,13.1
25/09/1997,156.1,100.0,13.3
02/10/1997,156.1,99.4,13.7
09/10/1997,156.9,100.0,14.1
16/10/1997,156.9,100.0,14.4
23/10/1997,156.9,99.9,14.4
30/10/1997,156.6,96.4,14.3
06/11/1997,156.6,96.7,14.0
13/11/1997,156.8,99.0,13.7
20/11/1997,157.2,100.0,13.5
27/11/1997,157.4,100.0,13.5
04/12/1997,157.5,100.0,13.5
11/12/1997,157.5,100.0,13.5
18/12/1997,157.1,95.4,13.2
25/12/1997,156.6,90.1,12.6
01/01/1998,157.5,100.0,12.4
08/01/1998,157.7,100.0,12.2
15/01/1998,156.4,86.0,11.6
22/01/1998,157.1,92.9,11.5
29/01/1998,157.1,92.8,11.1
05/02/1998,157.5,97.1,10.8
12/02/1998,158.4,100.0,11.2
19/02/1998,158.5,100.0,11.4
26/02/1998,159.6,100.0,12.0
05/03/1998,160.5,100.0,12.8
12/03/1998,161.1,100.0,13.5
19/03/1998,161.8,100.0,14.3
26/03/1998,162.2,100.0,14.9
02/04/1998,162.1,98.5,15.1
09/04/1998,162.4,100.0,15.3
16/04/1998,162.8,100.0,15.3
23/04/1998,162.9,100.0,15.1
30/04/1998,162.1,91.3,14.8
07/05/1998,162.6,97.4,14.5
14/05/1998,162.9,100.0,14.2
21/05/1998,163.1,100.0,13.9
28/05/1998,163.7,100.0,14.1
04/06/1998,163.6,99.3,14.1
11/06/1998,164.2,100.0,14.2
18/06/1998,164.1,99.4,14.2
25/06/1998,164.5,100.0,14.2
02/07/1998,164.8,100.0,14.2
09/07/1998,163.5,86.5,13.7
16/07/1998,163.8,89.5,13.3
23/07/1998,163.7,88.6,12.7
30/07/1998,163.1,82.0,11.9
06/08/1998,162.1,71.8,11.1
13/08/1998,161.8,68.9,10.3
20/08/1998,162.5,76.3,9.7
27/08/1998,162.8,79.1,9.4
03/09/1998,160.9,59.5,8.9
10/09/1998,160.7,58.0,8.3
17/09/1998,161.7,67.7,7.9
24/09/1998,161.9,69.7,7.5
01/10/1998,162.3,74.3,7.8
08/10/1998,160.8,58.6,7.6
15/10/1998,160.5,56.3,7.1
22/10/1998,162.1,72.0,7.1
29/10/1998,162.8,79.8,7.2
05/11/1998,163.8,90.0,8.0
12/11/1998,164.7,99.1,9.2
19/11/1998,164.7,98.5,9.8
26/11/1998,166.1,100.0,10.6
03/12/1998,166.3,100.0,11.2
10/12/1998,166.2,98.7,11.5
17/12/1998,165.8,94.3,11.6
24/12/1998,166.9,100.0,11.6
31/12/1998,168.9,100.0,12.2
07/01/1999,169.1,100.0,12.9
14/01/1999,169.3,100.0,13.7
21/01/1999,169.1,97.9,14.1
28/01/1999,168.6,93.0,13.7
04/02/1999,169.4,100.0,13.5
11/02/1999,168.9,95.4,13.1
18/02/1999,169.0,96.4,12.8
25/02/1999,168.2,88.1,12.4
04/03/1999,167.2,78.2,11.5
11/03/1999,167.9,84.8,10.9
18/03/1999,168.2,87.9,10.5
25/03/1999,167.9,84.9,10.2
01/04/1999,167.3,79.7,10.1
08/04/1999,167.8,84.4,9.9
15/04/1999,167.8,83.9,9.7
22/04/1999,167.2,77.7,9.3
29/04/1999,168.3,89.2,9.5
06/05/1999,168.6,92.4,9.6
13/05/1999,168.8,94.5,9.8
20/05/1999,169.1,96.9,10.3
27/05/1999,169.1,96.8,10.4
03/06/1999,169.1,97.0,10.4
10/06/1999,170.2,100.0,10.6
17/06/1999,170.2,100.0,10.8
24/06/1999,170.9,100.0,11.2
01/07/1999,170.9,100.0,11.7
08/07/1999,171.9,100.0,12.0
15/07/1999,172.0,100.0,12.4
22/07/1999,172.3,100.0,12.7
29/07/1999,171.7,94.4,12.7
05/08/1999,171.3,90.7,12.4
12/08/1999,171.4,91.5,12.0
19/08/1999,172.0,97.0,11.6
26/08/1999,172.4,100.0,11.6
02/09/1999,172.0,96.0,11.6
09/09/1999,172.3,98.4,11.6
16/09/1999,172.3,98.7,11.5
23/09/1999,171.9,95.3,11.1
30/09/1999,170.9,85.3,10.5
07/10/1999,171.3,88.6,10.0
14/10/1999,171.9,94.8,9.6
21/10/1999,171.4,89.6,9.2
28/10/1999,171.5,91.1,9.2
04/11/1999,172.7,100.0,9.3
11/11/1999,173.2,100.0,9.5
18/11/1999,173.7,100.0,10.0
25/11/1999,175.3,100.0,10.9
02/12/1999,175.0,97.1,11.4
09/12/1999,175.3,100.0,11.8
16/12/1999,175.4,100.0,12.1
23/12/1999,176.0,100.0,12.1
30/12/1999,176.2,100.0,12.3
06/01/2000,175.9,97.1,12.2
13/01/2000,175.9,97.4,12.2
20/01/2000,176.4,100.0,12.1
27/01/2000,176.0,96.1,11.9
03/02/2000,176.1,97.1,11.8
10/02/2000,176.0,96.5,11.6
17/02/2000,175.3,89.7,11.1
24/02/2000,174.6,82.8,10.6
02/03/2000,174.4,80.9,9.9
09/03/2000,174.5,82.3,9.3
16/03/2000,175.0,87.5,9.1
23/03/2000,176.8,100.0,9.6
30/03/2000,177.9,100.0,10.5
06/04/2000,177.4,95.5,11.1
13/04/2000,177.9,99.9,11.7
20/04/2000,176.5,87.3,11.4
27/04/2000,178.4,100.0,11.4
04/05/2000,178.4,100.0,11.4
11/05/2000,178.0,95.6,11.2
18/05/2000,178.8,100.0,11.7
25/05/2000,178.5,97.2,11.5
01/06/2000,177.3,85.3,11.0
08/06/2000,177.9,91.0,10.7
15/06/2000,177.2,84.7,10.1
22/06/2000,177.1,83.2,9.5
29/06/2000,176.4,77.4,9.0
06/07/2000,176.5,77.6,8.5
13/07/2000,176.7,79.8,8.2
20/07/2000,176.6,78.4,8.0
27/07/2000,175.1,64.5,7.5
03/08/2000,174.2,56.5,6.7
10/08/2000,174.6,59.7,6.1
17/08/2000,174.5,58.8,5.4
24/08/2000,174.5,59.4,5.2
31/08/2000,175.1,64.7,5.4
07/09/2000,175.6,69.6,5.6
14/09/2000,175.0,64.0,5.7
21/09/2000,174.6,60.2,5.7
28/09/2000,174.1,55.4,5.3
05/10/2000,174.1,55.5,4.8
12/10/2000,173.7,51.6,4.4
19/10/2000,172.3,38.8,3.7
26/10/2000,173.4,48.6,3.5
02/11/2000,174.3,56.9,3.5
09/11/2000,174.7,60.6,3.7
16/11/2000,173.9,53.7,4.1
23/11/2000,172.8,43.6,3.9
30/11/2000,171.5,31.4,3.2
07/12/2000,170.9,25.0,2.2
14/12/2000,171.7,33.0,1.6
21/12/2000,170.6,22.2,1.1
28/12/2000,169.4,10.9,0.6
04/01/2001,168.9,6.4,0.1
11/01/2001,168.0,-2.1,-0.8
18/01/2001,168.0,-1.6,-1.3
25/01/2001,169.2,9.6,-1.2
01/02/2001,169.4,11.5,-0.9
08/02/2001,169.1,8.2,-0.5
15/02/2001,168.0,-2.2,-0.3
22/02/2001,167.5,-6.4,-0.6
01/03/2001,165.6,-24.8,-1.6
08/03/2001,164.8,-31.9,-2.6
15/03/2001,163.3,-45.8,-3.6
22/03/2001,161.7,-61.0,-5.0
29/03/2001,161.0,-67.5,-6.0
05/04/2001,160.5,-72.2,-6.9
12/04/2001,160.5,-72.3,-7.3
19/04/2001,161.6,-62.4,-7.1
26/04/2001,160.9,-68.5,-6.8
03/05/2001,160.7,-70.5,-6.4
10/05/2001,160.4,-73.6,-6.1
17/05/2001,160.1,-76.3,-6.2
24/05/2001,160.3,-74.7,-6.0
31/05/2001,159.2,-84.4,-6.1
07/06/2001,158.0,-95.5,-6.4
14/06/2001,157.4,-102.0,-6.7
21/06/2001,156.1,-113.9,-7.5
28/06/2001,155.9,-115.8,-8.0
05/07/2001,155.7,-117.2,-8.2
12/07/2001,154.9,-125.4,-8.5
19/07/2001,154.4,-129.9,-8.6
26/07/2001,154.2,-131.4,-8.6
02/08/2001,154.8,-125.8,-8.5
09/08/2001,154.4,-129.4,-8.2
16/08/2001,153.8,-135.5,-7.9
23/08/2001,153.0,-143.0,-7.9
30/08/2001,152.9,-143.7,-8.0
06/09/2001,151.9,-153.0,-8.3
13/09/2001,150.6,-165.5,-8.7
20/09/2001,149.5,-175.4,-9.2
27/09/2001,148.0,-190.3,-10.1
04/10/2001,148.4,-186.2,-10.6
11/10/2001,148.2,-187.9,-10.8
18/10/2001,148.1,-188.7,-10.7
25/10/2001,147.2,-197.1,-10.4
01/11/2001,146.6,-203.2,-10.4
08/11/2001,146.3,-205.4,-10.4
15/11/2001,146.5,-203.8,-10.3
22/11/2001,146.6,-202.7,-10.0
29/11/2001,146.1,-207.3,-9.5
06/12/2001,146.8,100.0,-8.9
13/12/2001,147.0,100.0,-8.2
20/12/2001,146.8,97.7,-7.6
27/12/2001,147.5,100.0,-6.7
03/01/2002,148.2,100.0,-5.8
10/01/2002,149.2,100.0,-4.7
17/01/2002,148.7,94.6,-3.6
24/01/2002,148.8,95.6,-2.8
31/01/2002,149.1,98.4,-2.1
07/02/2002,148.9,96.9,-1.7
14/02/2002,149.1,98.6,-1.2
21/02/2002,149.1,98.5,-0.6
28/02/2002,148.2,88.8,-0.5
07/03/2002,148.8,94.8,-0.1
14/03/2002,148.9,96.5,0.3
21/03/2002,148.8,95.0,0.6
28/03/2002,148.8,94.7,1.1
04/04/2002,148.9,96.2,1.4
11/04/2002,148.1,87.4,1.5
18/04/2002,147.7,82.3,1.4
25/04/2002,147.6,81.4,1.3
02/05/2002,146.8,73.1,1.0
09/05/2002,146.4,68.0,0.8
16/05/2002,146.4,68.2,0.7
23/05/2002,146.6,70.4,0.7
30/05/2002,147.0,74.9,1.1
06/06/2002,146.7,71.1,1.5
13/06/2002,146.4,67.9,1.8
20/06/2002,146.4,68.4,2.0
27/06/2002,146.7,71.1,2.2
04/07/2002,146.6,70.7,2.4
11/07/2002,146.8,72.9,2.8
18/07/2002,146.2,65.8,3.0
25/07/2002,144.6,48.2,2.5
01/08/2002,145.8,61.5,2.5
08/08/2002,145.4,57.4,2.2
15/08/2002,146.4,68.7,2.5
22/08/2002,147.5,80.5,3.7
29/08/2002,147.6,81.4,4.5
05/09/2002,146.7,72.0,5.1
12/09/2002,146.4,68.3,5.2
19/09/2002,146.0,63.7,4.8
26/09/2002,145.2,54.4,4.2
03/10/2002,145.2,54.3,3.7
10/10/2002,144.3,44.4,3.1
17/10/2002,145.4,56.6,3.0
24/10/2002,147.1,75.7,3.7
31/10/2002,147.7,82.3,4.6
07/11/2002,148.2,88.9,5.9
14/11/2002,147.9,85.5,6.8
21/11/2002,148.5,92.1,7.3
28/11/2002,149.7,100.0,7.9
05/12/2002,149.9,100.0,8.4
12/12/2002,149.7,97.4,9.0
19/12/2002,149.1,90.4,9.1
26/12/2002,149.0,90.0,8.7
02/01/2003,149.1,91.0,8.4
09/01/2003,150.0,100.0,8.5
16/01/2003,150.6,100.0,9.0
23/01/2003,150.2,96.0,9.3
30/01/2003,149.9,92.2,9.5
06/02/2003,149.2,84.4,9.2
13/02/2003,149.0,83.0,8.7
20/02/2003,149.0,82.4,8.2
27/02/2003,148.8,80.1,7.9
06/03/2003,148.2,73.3,7.5
13/03/2003,147.3,63.6,7.0
20/03/2003,148.0,70.8,6.6
27/03/2003,148.6,78.2,6.6
03/04/2003,147.3,64.0,6.3
10/04/2003,147.2,62.7,6.3
17/04/2003,146.9,58.9,6.0
24/04/2003,147.2,62.8,5.5
01/05/2003,147.3,64.1,5.6
08/05/2003,147.7,68.0,5.7
15/05/2003,147.7,67.8,6.0
22/05/2003,147.6,66.8,6.1
29/05/2003,148.1,72.8,6.3
05/06/2003,149.2,84.8,6.8
12/06/2003,149.5,88.4,7.4
19/06/2003,150.3,97.2,8.2
26/06/2003,150.7,100.0,9.0
03/07/2003,151.1,100.0,9.6
10/07/2003,151.5,100.0,10.1
17/07/2003,152.1,100.0,10.6
24/07/2003,152.3,100.0,11.0
31/07/2003,153.6,100.0,11.8
07/08/2003,153.8,100.0,12.4
14/08/2003,154.4,100.0,13.0
21/08/2003,155.1,100.0,13.7
28/08/2003,155.2,100.0,14.0
04/09/2003,155.8,100.0,14.5
11/09/2003,156.0,100.0,14.8
18/09/2003,156.0,100.0,14.9
25/09/2003,156.7,100.0,15.1
02/10/2003,156.3,96.2,15.1
09/10/2003,157.3,100.0,15.2
16/10/2003,157.8,100.0,15.5
23/10/2003,158.4,100.0,15.8
30/10/2003,158.3,99.1,16.1
06/11/2003,158.8,100.0,16.3
13/11/2003,159.0,100.0,16.4
20/11/2003,158.9,98.9,16.3
27/11/2003,160.1,100.0,16.6
04/12/2003,161.2,100.0,17.1
11/12/2003,161.7,100.0,17.7
18/12/2003,162.2,100.0,18.5
25/12/2003,163.3,100.0,19.3
01/01/2004,163.5,100.0,19.7
08/01/2004,163.8,100.0,20.1
15/01/2004,164.3,100.0,20.4
22/01/2004,165.1,100.0,20.6
29/01/2004,166.0,100.0,21.1
05/02/2004,166.3,100.0,21.6
12/02/2004,167.1,100.0,22.1
19/02/2004,167.2,100.0,22.3
26/02/2004,167.7,100.0,22.4
04/03/2004,168.4,100.0,22.6
11/03/2004,168.9,100.0,22.7
18/03/2004,168.4,95.2,22.5
25/03/2004,168.4,95.5,22.2
01/04/2004,168.5,96.3,21.6
08/04/2004,169.4,100.0,21.3
15/04/2004,169.7,100.0,21.1
22/04/2004,169.5,97.9,20.9
29/04/2004,170.8,100.0,21.0
06/05/2004,171.5,100.0,21.1
13/05/2004,171.6,100.0,21.1
20/05/2004,171.9,100.0,21.3
27/05/2004,171.9,100.0,21.0
03/06/2004,172.1,100.0,20.5
10/06/2004,172.9,100.0,20.3
17/06/2004,173.3,100.0,20.2
24/06/2004,173.1,97.8,19.9
01/07/2004,173.5,100.0,19.7
08/07/2004,173.8,100.0,19.4
15/07/2004,173.7,99.4,19.0
22/07/2004,174.2,100.0,18.8
29/07/2004,173.4,91.4,18.2
05/08/2004,173.4,91.8,17.5
12/08/2004,173.0,87.5,16.7
19/08/2004,172.9,87.3,15.8
26/08/2004,173.2,89.7,15.3
02/09/2004,173.3,90.9,14.8
09/09/2004,173.6,93.4,14.5
16/09/2004,173.8,95.6,14.4
23/09/2004,173.8,95.8,14.1
30/09/2004,174.5,100.0,14.1
07/10/2004,175.8,100.0,14.3
14/10/2004,176.5,100.0,14.7
21/10/2004,176.7,100.0,15.1
28/10/2004,177.6,100.0,15.6
04/11/2004,178.8,100.0,16.1
11/11/2004,180.2,100.0,16.7
18/11/2004,180.9,100.0,17.5
25/11/2004,182.4,100.0,18.4
02/12/2004,183.3,100.0,19.3
09/12/2004,183.5,100.0,19.8
16/12/2004,184.1,100.0,20.2
23/12/2004,184.7,100.0,20.3
30/12/2004,184.4,97.4,20.1
06/01/2005,183.2,86.5,19.5
13/01/2005,183.2,86.3,18.7
20/01/2005,182.8,83.5,17.6
27/01/2005,182.6,80.9,16.6
03/02/2005,183.6,90.0,16.3
10/02/2005,184.2,96.2,16.2
17/02/2005,184.8,100.0,16.4
24/02/2005,185.1,100.0,16.7
03/03/2005,185.6,100.0,16.9
10/03/2005,185.6,100.0,16.9
17/03/2005,185.7,100.0,16.7
24/03/2005,185.2,95.9,16.4
31/03/2005,186.5,100.0,16.2
07/04/2005,186.9,100.0,16.2
14/04/2005,187.5,100.0,16.3
21/04/2005,187.2,97.2,16.5
28/04/2005,188.3,100.0,16.6
05/05/2005,188.6,100.0,16.7
12/05/2005,189.2,100.0,16.8
19/05/2005,189.2,100.0,16.9
26/05/2005,189.6,100.0,16.9
02/06/2005,189.4,98.4,16.7
09/06/2005,189.4,98.6,16.4
16/06/2005,189.0,95.3,15.9
23/06/2005,189.4,98.1,15.5
30/06/2005,189.3,97.9,15.1
07/07/2005,189.8,100.0,14.8
14/07/2005,190.3,100.0,14.8
21/07/2005,190.9,100.0,14.9
28/07/2005,191.0,100.0,15.0
04/08/2005,191.4,100.0,15.0
11/08/2005,191.6,100.0,15.0
18/08/2005,191.7,100.0,14.9
25/08/2005,192.6,100.0,14.9
01/09/2005,192.9,100.0,14.9
08/09/2005,193.8,100.0,15.1
15/09/2005,194.3,100.0,15.4
22/09/2005,193.6,94.1,15.2
29/09/2005,191.3,74.3,14.3
06/10/2005,189.8,60.9,12.8
13/10/2005,188.4,48.5,10.8
20/10/2005,187.9,44.9,9.0
27/10/2005,188.1,46.6,7.8
03/11/2005,188.8,52.7,7.3
10/11/2005,189.8,60.7,7.5
17/11/2005,190.3,65.6,7.9
24/11/2005,190.9,70.4,8.4
01/12/2005,192.2,82.2,9.1
08/12/2005,194.0,97.3,10.1
15/12/2005,195.1,100.0,11.1
22/12/2005,195.4,100.0,12.1
29/12/2005,194.5,92.6,12.5
05/01/2006,193.8,86.4,12.2
12/01/2006,194.2,89.8,11.8
19/01/2006,194.9,95.7,11.4
26/01/2006,195.0,96.6,11.3
02/02/2006,196.1,100.0,11.7
09/02/2006,195.9,98.3,11.9
16/02/2006,196.4,100.0,12.0
23/02/2006,197.1,100.0,12.3
02/03/2006,197.1,100.0,12.4
09/03/2006,196.7,96.9,12.4
16/03/2006,197.3,100.0,12.4
23/03/2006,197.7,100.0,12.3
30/03/2006,196.9,93.0,12.0
06/04/2006,196.5,90.1,11.7
13/04/2006,196.6,90.3,11.2
20/04/2006,196.5,90.2,10.7
27/04/2006,197.7,100.0,10.7
04/05/2006,198.1,100.0,11.0
11/05/2006,199.3,100.0,11.5
18/05/2006,198.9,97.0,11.9
25/05/2006,198.2,91.0,11.9
01/06/2006,198.5,93.4,11.8
08/06/2006,198.8,95.4,11.4
15/06/2006,197.9,87.9,11.0
22/06/2006,197.9,87.8,10.7
29/06/2006,197.6,85.7,10.3
06/07/2006,197.9,88.3,9.9
13/07/2006,197.8,87.5,9.7
20/07/2006,196.3,74.7,9.1
27/07/2006,196.3,74.6,8.6
03/08/2006,197.0,80.4,8.3
10/08/2006,196.9,79.6,7.9
17/08/2006,196.7,78.0,7.9
24/08/2006,197.1,81.3,8.0
31/08/2006,196.0,71.8,7.6
07/09/2006,195.4,67.2,7.2
14/09/2006,194.9,62.6,6.7
21/09/2006,195.0,64.0,6.1
28/09/2006,196.0,72.1,6.1
05/10/2006,196.7,77.8,6.3
12/10/2006,197.3,82.8,6.9
19/10/2006,197.6,85.7,7.4
26/10/2006,197.3,83.4,7.6
02/11/2006,197.4,84.0,7.6
09/11/2006,197.1,81.6,7.4
16/11/2006,197.5,84.7,7.2
23/11/2006,197.4,83.7,7.1
30/11/2006,195.7,69.9,6.5
07/12/2006,195.0,63.5,5.9
14/12/2006,195.0,63.7,5.1
21/12/2006,194.8,61.8,4.5
28/12/2006,194.9,62.8,4.2
04/01/2007,195.6,68.9,4.4
11/01/2007,195.9,71.1,4.6
18/01/2007,195.8,70.3,4.8
25/01/2007,195.4,67.2,4.9
01/02/2007,194.7,61.1,4.7
08/02/2007,195.1,64.7,4.5
15/02/2007,194.6,60.0,4.2
22/02/2007,194.9,63.2,4.1
01/03/2007,192.6,43.2,3.6
08/03/2007,191.2,31.4,2.7
15/03/2007,190.6,26.3,1.7
22/03/2007,191.0,29.6,0.9
29/03/2007,190.7,27.8,0.5
05/04/2007,190.5,25.6,0.5
12/04/2007,190.5,26.2,0.6
19/04/2007,190.8,28.1,0.7
26/04/2007,190.8,28.4,0.8
03/05/2007,191.4,33.6,1.1
10/05/2007,191.8,36.3,1.5
17/05/2007,192.2,39.9,2.0
24/05/2007,192.4,41.7,2.5
31/05/2007,193.4,50.3,3.1
07/06/2007,193.7,52.4,3.7
14/06/2007,193.5,51.2,4.2
21/06/2007,193.8,53.5,4.6
28/06/2007,193.1,47.7,4.6
05/07/2007,192.4,42.2,4.4
12/07/2007,192.3,41.3,4.2
19/07/2007,192.1,39.3,3.9
26/07/2007,190.9,28.7,3.4
02/08/2007,189.4,16.5,2.8
09/08/2007,188.9,12.5,2.0
16/08/2007,188.1,5.9,1.1
23/08/2007,187.8,3.3,0.5
30/08/2007,187.7,2.1,0.3
06/09/2007,187.6,1.0,0.1
13/09/2007,187.2,-2.2,0.0
20/09/2007,187.9,3.6,0.2
27/09/2007,187.3,-1.4,0.2
04/10/2007,187.0,-3.6,0.2
11/10/2007,187.1,-3.2,0.4
18/10/2007,186.7,-5.9,0.2
25/10/2007,185.8,-13.5,0.1
01/11/2007,185.0,-20.5,-0.2
08/11/2007,184.0,-28.9,-0.8
15/11/2007,182.7,-39.6,-1.6
22/11/2007,182.0,-45.6,-2.3
29/11/2007,182.2,-44.6,-2.7
06/12/2007,182.9,-38.4,-2.7
13/12/2007,183.4,-34.1,-2.3
20/12/2007,182.6,-41.2,-1.9
27/12/2007,180.9,-55.3,-2.0
03/01/2008,179.3,-69.0,-2.7
10/01/2008,177.5,-83.9,-3.9
17/01/2008,176.1,-95.3,-5.2
24/01/2008,174.8,-106.7,-6.4
31/01/2008,174.4,-109.7,-7.2
07/02/2008,173.7,-115.4,-7.8
14/02/2008,173.2,-120.4,-8.2
21/02/2008,172.9,-122.9,-8.3
28/02/2008,173.0,-122.0,-8.3
06/03/2008,172.1,-129.7,-8.3
13/03/2008,171.2,-137.3,-8.4
20/03/2008,170.9,-139.6,-8.6
27/03/2008,170.7,-141.0,-8.8
03/04/2008,170.0,-147.2,-9.0
10/04/2008,169.8,-148.6,-8.9
17/04/2008,169.1,-154.6,-9.0
24/04/2008,169.8,-149.0,-8.9
01/05/2008,168.7,-157.6,-8.8
08/05/2008,168.1,-162.7,-8.9
15/05/2008,167.4,-169.3,-8.9
22/05/2008,167.2,-170.5,-9.1
29/05/2008,166.2,-178.8,-9.3
05/06/2008,166.1,-180.3,-9.4
12/06/2008,165.1,-188.0,-9.5
19/06/2008,164.9,-190.1,-9.6
26/06/2008,163.4,-202.6,-9.8
03/07/2008,162.0,-214.5,-10.3
10/07/2008,160.8,-224.3,-10.9
17/07/2008,160.0,-231.6,-11.6
24/07/2008,160.4,-228.0,-11.8
31/07/2008,158.8,-241.0,-12.1
07/08/2008,158.1,-247.3,-12.2
14/08/2008,157.5,-252.6,-12.3
21/08/2008,156.9,-257.3,-12.6
28/08/2008,155.8,-266.7,-12.9
04/09/2008,155.4,-270.5,-13.0
11/09/2008,153.7,-284.0,-13.4
18/09/2008,153.0,-290.6,-13.9
25/09/2008,151.4,-303.8,-14.4
02/10/2008,149.6,-319.1,-15.3
09/10/2008,147.3,-338.0,-16.3
16/10/2008,144.6,-361.0,-17.8
23/10/2008,143.9,-367.0,-19.0
30/10/2008,142.1,-381.9,-20.2
06/11/2008,142.9,-375.5,-20.6
13/11/2008,140.4,-396.4,-21.0
20/11/2008,138.4,-413.2,-21.7
27/11/2008,136.2,-432.2,-22.5
04/12/2008,135.8,-435.3,-23.6
11/12/2008,134.1,-449.6,-24.4
18/12/2008,133.3,-456.7,-25.0
25/12/2008,132.4,-464.2,-25.2
01/01/2009,131.5,-471.9,-25.5
08/01/2009,131.1,-474.6,-25.5
15/01/2009,129.6,-487.8,-25.6
22/01/2009,128.0,-501.0,-26.0
29/01/2009,126.9,-510.5,-26.4
05/02/2009,125.7,-520.6,-27.0
12/02/2009,125.2,-525.0,-27.4
19/02/2009,123.5,-539.2,-27.8
26/02/2009,120.5,-563.9,-28.7
05/03/2009,118.2,-583.9,-29.8
12/03/2009,116.3,-600.0,-31.3
19/03/2009,117.0,-593.8,-32.2
26/03/2009,117.2,-592.1,-32.2
02/04/2009,117.2,-591.7,-31.6
09/04/2009,117.2,-592.5,-30.5
16/04/2009,117.2,-592.4,-29.6
23/04/2009,116.8,-595.7,-28.8
30/04/2009,115.6,-605.5,-28.4
07/05/2009,115.5,-606.1,-27.9
14/05/2009,114.9,-611.7,-27.6
21/05/2009,114.0,-618.7,-27.5
28/05/2009,113.3,-625.4,-27.2
04/06/2009,113.6,-622.3,-26.8
11/06/2009,113.4,-623.9,-26.3
18/06/2009,113.2,-625.5,-25.5
25/06/2009,113.3,-624.8,-24.5
02/07/2009,114.0,100.0,-23.4
09/07/2009,113.2,88.8,-22.5
16/07/2009,114.2,100.0,-21.2
23/07/2009,115.7,100.0,-19.4
30/07/2009,116.8,100.0,-17.5
06/08/2009,117.3,100.0,-15.1
13/08/2009,117.6,100.0,-13.0
20/08/2009,117.6,100.0,-11.3
27/08/2009,118.4,100.0,-9.7
03/09/2009,118.4,99.6,-8.4
10/09/2009,118.7,100.0,-7.0
17/09/2009,119.1,100.0,-5.5
24/09/2009,119.6,100.0,-4.1
01/10/2009,119.5,99.4,-2.8
08/10/2009,119.4,97.7,-1.6
15/10/2009,120.0,100.0,-0.4
22/10/2009,120.5,100.0,0.8
29/10/2009,119.7,89.1,1.7
05/11/2009,119.1,80.7,2.3
12/11/2009,119.6,87.6,2.9
19/11/2009,120.1,94.6,3.4
26/11/2009,120.4,97.9,4.3
03/12/2009,120.4,98.8,5.4
10/12/2009,120.8,100.0,6.4
17/12/2009,121.3,100.0,7.4
24/12/2009,121.8,100.0,8.4
31/12/2009,121.9,100.0,9.5
07/01/2010,122.2,100.0,10.4
14/01/2010,122.8,100.0,11.4
21/01/2010,122.9,100.0,12.2
28/01/2010,122.0,87.1,12.4
04/02/2010,121.5,80.6,12.4
11/02/2010,121.0,74.3,11.8
18/02/2010,121.2,76.5,11.2
25/02/2010,121.4,79.4,11.1
04/03/2010,121.6,82.3,11.3
11/03/2010,122.1,88.7,11.7
18/03/2010,122.4,93.3,12.2
25/03/2010,122.7,97.1,12.6
01/04/2010,122.6,95.8,12.9
08/04/2010,123.0,100.0,13.1
15/04/2010,123.1,100.0,13.2
22/04/2010,123.2,100.0,13.2
29/04/2010,124.1,100.0,13.6
06/05/2010,124.5,100.0,14.0
13/05/2010,124.3,96.6,14.3
20/05/2010,124.2,96.0,14.5
27/05/2010,123.9,90.9,14.0
03/06/2010,124.2,96.2,13.6
10/06/2010,124.6,100.0,13.4
17/06/2010,125.3,100.0,13.5
24/06/2010,125.7,100.0,13.8
01/07/2010,123.7,73.2,13.2
08/07/2010,121.9,49.4,11.7
15/07/2010,121.5,44.6,9.8
22/07/2010,121.2,40.1,7.6
29/07/2010,121.8,48.0,6.6
05/08/2010,122.1,52.3,6.5
12/08/2010,122.4,57.0,6.7
19/08/2010,122.1,51.8,6.9
26/08/2010,121.3,41.1,6.5
02/09/2010,120.9,36.1,5.9
09/09/2010,121.2,40.4,5.3
16/09/2010,121.4,43.3,4.9
23/09/2010,121.7,47.1,5.0
30/09/2010,121.9,49.8,5.4
07/10/2010,122.1,52.7,5.7
14/10/2010,122.6,58.9,6.1
21/10/2010,122.9,62.5,6.5
28/10/2010,123.9,76.9,7.2
04/11/2010,124.6,86.0,8.1
11/11/2010,125.5,98.5,9.2
18/11/2010,125.6,99.5,10.2
25/11/2010,125.4,96.5,10.6
02/12/2010,125.1,91.9,10.6
09/12/2010,125.8,100.0,10.5
16/12/2010,126.0,100.0,10.6
23/12/2010,126.5,100.0,10.9
30/12/2010,126.4,98.4,11.3
06/01/2011,126.5,99.6,11.4
13/01/2011,127.3,100.0,11.8
20/01/2011,127.9,100.0,12.2
27/01/2011,128.5,100.0,12.9
03/02/2011,129.2,100.0,13.8
10/02/2011,130.0,100.0,14.8
17/02/2011,130.4,100.0,15.6
24/02/2011,130.8,100.0,16.3
03/03/2011,130.4,93.9,16.5
10/03/2011,130.3,93.6,16.3
17/03/2011,130.0,89.6,15.8
24/03/2011,130.1,90.4,15.3
31/03/2011,129.6,83.9,14.7
07/04/2011,129.2,79.2,14.0
14/04/2011,128.9,74.8,13.3
21/04/2011,128.6,71.9,12.5
28/04/2011,129.8,86.6,12.4
05/05/2011,130.2,91.7,12.6
12/05/2011,130.1,90.7,12.9
19/05/2011,130.3,92.6,13.4
26/05/2011,130.2,92.3,13.3
02/06/2011,130.3,93.0,13.2
09/06/2011,130.1,90.7,13.0
16/06/2011,129.9,88.5,12.7
23/06/2011,130.0,89.8,12.4
30/06/2011,129.9,88.0,12.1
07/07/2011,130.6,97.1,12.1
14/07/2011,130.6,97.1,12.2
21/07/2011,130.5,95.3,12.2
28/07/2011,130.5,96.2,12.1
04/08/2011,129.7,85.0,11.5
11/08/2011,128.0,63.9,10.2
18/08/2011,128.3,67.0,9.1
25/08/2011,127.4,55.3,7.6
01/09/2011,128.0,63.4,6.8
08/09/2011,127.8,61.3,6.5
15/09/2011,127.5,56.9,6.0
22/09/2011,127.8,61.3,6.0
29/09/2011,127.1,52.2,5.5
06/10/2011,126.9,49.4,5.0
13/10/2011,128.0,63.0,5.0
20/10/2011,128.5,70.1,5.1
27/10/2011,129.1,77.9,5.7
03/11/2011,129.6,84.1,6.6
10/11/2011,129.9,87.7,7.2
17/11/2011,130.2,92.1,7.7
24/11/2011,129.3,79.9,7.6
01/12/2011,128.9,75.8,7.2
08/12/2011,130.4,94.9,7.3
15/12/2011,130.5,96.2,7.3
22/12/2011,130.8,99.4,7.7
29/12/2011,131.5,100.0,8.6
05/01/2012,131.8,100.0,9.0
12/01/2012,132.3,100.0,9.5
19/01/2012,133.2,100.0,10.3
26/01/2012,133.6,100.0,11.0
02/02/2012,134.0,100.0,11.7
09/02/2012,134.6,100.0,12.4
16/02/2012,135.1,100.0,13.0
23/02/2012,135.7,100.0,13.7
01/03/2012,135.6,99.6,14.1
08/03/2012,135.4,96.9,14.3
15/03/2012,135.8,100.0,14.4
22/03/2012,136.3,100.0,14.5
29/03/2012,137.1,100.0,14.9
05/04/2012,137.6,100.0,15.6
12/04/2012,137.8,100.0,16.2
19/04/2012,137.9,100.0,16.6
26/04/2012,137.5,94.2,16.4
03/05/2012,137.8,97.9,16.2
10/05/2012,137.4,93.8,15.8
17/05/2012,136.9,86.9,15.1
24/05/2012,136.3,79.6,14.4
31/05/2012,136.4,81.6,13.7
07/06/2012,135.8,74.2,12.9
14/06/2012,136.2,78.9,12.4
21/06/2012,136.6,84.0,12.4
28/06/2012,136.8,86.6,12.3
05/07/2012,137.6,96.2,12.8
12/07/2012,137.8,98.6,13.3
19/07/2012,138.0,100.0,13.6
26/07/2012,137.9,98.8,13.8
02/08/2012,138.3,100.0,13.8
09/08/2012,138.5,100.0,13.8
16/08/2012,138.8,100.0,13.9
23/08/2012,139.0,100.0,14.0
30/08/2012,139.0,99.2,13.9
06/09/2012,138.8,97.7,13.7
13/09/2012,139.3,100.0,13.6
20/09/2012,139.8,100.0,13.5
27/09/2012,140.0,100.0,13.6
04/10/2012,140.2,100.0,13.7
11/10/2012,140.4,100.0,13.8
18/10/2012,140.5,100.0,13.7
25/10/2012,140.4,98.4,13.5
01/11/2012,140.5,100.0,13.2
08/11/2012,141.2,100.0,13.1
15/11/2012,140.2,87.9,12.7
22/11/2012,140.0,85.7,12.2
29/11/2012,140.1,87.2,11.7
06/12/2012,140.5,91.5,11.1
13/12/2012,141.0,98.2,11.2
20/12/2012,141.2,100.0,11.3
27/12/2012,142.3,100.0,11.8
03/01/2013,142.7,100.0,12.3
10/01/2013,144.0,100.0,13.1
17/01/2013,144.5,100.0,14.0
24/01/2013,145.2,100.0,14.7
31/01/2013,145.5,100.0,15.4
07/02/2013,145.6,100.0,15.7
14/02/2013,146.3,100.0,16.0
21/02/2013,146.6,100.0,16.2
28/02/2013,147.7,100.0,16.7
07/03/2013,148.7,100.0,17.5
14/03/2013,149.8,100.0,18.4
21/03/2013,150.2,100.0,19.4
28/03/2013,150.5,100.0,20.1
04/04/2013,150.7,100.0,20.4
11/04/2013,150.7,99.7,20.3
18/04/2013,150.8,100.0,20.1
25/04/2013,151.1,100.0,19.9
02/05/2013,151.6,100.0,19.8
09/05/2013,152.1,100.0,20.0
16/05/2013,152.5,100.0,20.2
23/05/2013,153.3,100.0,20.5
30/05/2013,153.5,100.0,20.8
06/06/2013,153.5,99.9,20.8
13/06/2013,153.7,100.0,20.7
20/06/2013,154.0,100.0,20.4
27/06/2013,153.4,93.6,19.9
04/07/2013,153.9,99.1,19.5
11/07/2013,154.2,100.0,19.2
18/07/2013,154.2,99.3,18.8
25/07/2013,154.7,100.0,18.8
01/08/2013,156.0,100.0,19.1
08/08/2013,156.6,100.0,19.4
15/08/2013,157.2,100.0,20.0
22/08/2013,155.5,82.3,19.8
29/08/2013,154.8,74.7,18.8
05/09/2013,154.5,71.2,17.6
12/09/2013,155.4,81.2,16.5
19/09/2013,156.2,89.6,16.3
26/09/2013,156.6,94.3,16.5
03/10/2013,156.1,88.7,16.6
10/10/2013,155.8,85.6,16.3
17/10/2013,156.4,91.3,15.9
24/10/2013,157.0,98.4,15.6
31/10/2013,158.2,100.0,15.9
07/11/2013,158.9,100.0,16.5
14/11/2013,159.8,100.0,17.2
21/11/2013,160.2,100.0,17.8
28/11/2013,162.1,100.0,18.6
05/12/2013,163.2,100.0,19.5
12/12/2013,164.0,100.0,20.3
19/12/2013,163.7,97.5,20.9
26/12/2013,164.1,100.0,20.9
02/01/2014,164.8,100.0,20.8
09/01/2014,165.1,100.0,20.6
16/01/2014,164.8,96.5,20.4
23/01/2014,164.7,95.2,20.0
30/01/2014,164.1,89.8,19.2
06/02/2014,163.7,85.6,18.1
13/02/2014,164.2,90.9,17.4
20/02/2014,164.7,95.8,17.0
27/02/2014,165.2,100.0,16.8
06/03/2014,165.9,100.0,17.1
13/03/2014,166.6,100.0,17.4
20/03/2014,166.6,99.2,17.5
27/03/2014,167.1,100.0,17.7
03/04/2014,166.5,94.6,17.4
10/04/2014,166.7,96.1,17.0
17/04/2014,166.4,93.4,16.5
24/04/2014,167.0,98.9,16.1
01/05/2014,166.5,94.1,15.7
08/05/2014,166.7,96.1,15.3
15/05/2014,167.0,99.7,15.1
22/05/2014,167.1,100.0,14.7
29/05/2014,167.8,100.0,14.8
05/06/2014,168.4,100.0,14.9
12/06/2014,169.0,100.0,15.2
19/06/2014,169.4,100.0,15.5
26/06/2014,171.2,100.0,16.3
03/07/2014,172.3,100.0,17.1
10/07/2014,173.2,100.0,18.0
17/07/2014,173.9,100.0,19.1
24/07/2014,174.5,100.0,19.6
31/07/2014,174.3,97.8,19.7
07/08/2014,173.6,91.7,19.3
14/08/2014,173.7,92.1,18.7
21/08/2014,174.3,98.6,18.2
28/08/2014,174.8,100.0,18.0
04/09/2014,175.3,100.0,18.0
11/09/2014,175.5,100.0,18.1
18/09/2014,175.9,100.0,18.1
25/09/2014,177.6,100.0,18.4
02/10/2014,178.3,100.0,18.8
09/10/2014,179.0,100.0,19.4
16/10/2014,178.5,95.6,19.7
23/10/2014,179.2,100.0,19.6
30/10/2014,180.6,100.0,19.8
06/11/2014,181.8,100.0,20.1
13/11/2014,182.4,100.0,20.7
20/11/2014,183.2,100.0,21.4
27/11/2014,184.2,100.0,21.9
04/12/2014,184.3,100.0,22.1
11/12/2014,183.6,93.3,21.9
18/12/2014,183.5,92.3,21.4
25/12/2014,184.6,100.0,21.0
01/01/2015,184.5,99.1,20.6
08/01/2015,183.1,86.4,20.0
15/01/2015,183.0,85.1,19.3
22/01/2015,182.6,81.1,18.2
29/01/2015,184.6,99.2,17.8
05/02/2015,185.4,100.0,18.0
12/02/2015,186.8,100.0,18.7
19/02/2015,187.4,100.0,19.6
26/02/2015,188.0,100.0,20.1
05/03/2015,188.1,100.0,20.4
12/03/2015,187.6,95.7,20.0
19/03/2015,187.6,96.0,19.6
26/03/2015,187.8,98.0,19.0
02/04/2015,188.3,100.0,18.5
09/04/2015,189.1,100.0,18.5
16/04/2015,189.9,100.0,18.6
23/04/2015,190.1,100.0,18.8
30/04/2015,189.3,92.5,18.5
07/05/2015,188.7,87.1,17.8
14/05/2015,188.5,85.6,16.9
21/05/2015,188.7,87.6,16.0
28/05/2015,189.3,92.3,15.5
04/06/2015,189.7,96.1,15.3
11/06/2015,189.3,92.9,15.0
18/06/2015,189.8,97.0,14.8
25/06/2015,190.2,100.0,14.6
02/07/2015,189.9,97.4,14.3
09/07/2015,189.5,93.6,13.9
16/07/2015,190.4,100.0,13.6
23/07/2015,191.2,100.0,13.5
30/07/2015,190.7,95.3,13.3
06/08/2015,190.8,96.6,13.4
13/08/2015,190.8,96.4,13.1
20/08/2015,191.0,98.2,12.7
27/08/2015,189.8,87.6,12.1
03/09/2015,190.4,92.7,11.6
10/09/2015,190.4,92.9,11.1
17/09/2015,191.1,98.9,10.8
24/09/2015,191.2,99.7,10.9
01/10/2015,191.0,98.4,10.8
08/10/2015,192.0,100.0,10.9
15/10/2015,193.2,100.0,11.2
22/10/2015,193.8,100.0,11.6
29/10/2015,193.8,99.7,12.0
05/11/2015,193.5,97.3,12.1
12/11/2015,193.3,95.5,11.8
19/11/2015,192.7,90.3,11.3
26/11/2015,193.9,100.0,11.1
03/12/2015,194.5,100.0,11.1
10/12/2015,193.8,94.3,11.1
17/12/2015,193.5,91.3,11.1
24/12/2015,194.4,99.5,11.0
31/12/2015,195.8,100.0,11.1
07/01/2016,195.5,97.4,11.3
14/01/2016,194.2,86.8,11.3
21/01/2016,193.9,84.3,10.9
28/01/2016,194.9,92.5,10.5
04/02/2016,196.1,100.0,10.4
11/02/2016,195.9,98.1,10.6
18/02/2016,196.2,100.0,11.0
25/02/2016,196.2,100.0,11.2
03/03/2016,196.4,100.0,11.0
10/03/2016,197.1,100.0,11.2
17/03/2016,197.2,100.0,11.3
24/03/2016,198.0,100.0,11.5
31/03/2016,198.7,100.0,11.9
07/04/2016,199.1,100.0,12.3
14/04/2016,199.4,100.0,12.6
21/04/2016,200.2,100.0,13.0
28/04/2016,200.9,100.0,13.4
05/05/2016,201.0,100.0,13.7
12/05/2016,200.8,98.0,13.8
19/05/2016,200.6,96.5,13.7
26/05/2016,201.7,100.0,13.6
02/06/2016,202.7,100.0,13.8
09/06/2016,203.8,100.0,14.3
16/06/2016,203.6,98.4,14.8
23/06/2016,203.1,94.9,14.9
30/06/2016,202.9,92.7,14.7
07/07/2016,203.8,100.0,14.4
14/07/2016,204.7,100.0,14.4
21/07/2016,205.5,100.0,14.8
28/07/2016,205.5,100.0,15.2
04/08/2016,205.5,100.0,15.3
11/08/2016,205.7,100.0,15.3
18/08/2016,205.7,99.9,15.0
25/08/2016,207.0,100.0,15.1
01/09/2016,207.5,100.0,15.3
08/09/2016,208.2,100.0,15.6
15/09/2016,207.9,97.8,15.8
22/09/2016,208.4,100.0,15.8
29/09/2016,208.4,99.7,15.7
06/10/2016,208.3,99.2,15.4
13/10/2016,208.3,99.1,15.1
20/10/2016,208.1,97.5,14.7
27/10/2016,208.3,99.0,14.4
03/11/2016,208.0,96.9,14.0
10/11/2016,208.2,97.8,13.6
17/11/2016,209.1,100.0,13.6
24/11/2016,209.7,100.0,13.6
01/12/2016,210.3,100.0,13.9
08/12/2016,210.9,100.0,14.3
15/12/2016,212.0,100.0,14.7
22/12/2016,212.4,100.0,15.0
29/12/2016,211.9,96.6,15.1
05/01/2017,211.6,94.3,14.9
12/01/2017,212.5,100.0,14.7
19/01/2017,213.0,100.0,14.5
26/01/2017,212.8,98.7,14.4
02/02/2017,213.2,100.0,14.4
09/02/2017,213.4,100.0,14.3
16/02/2017,214.1,100.0,14.2
23/02/2017,214.4,100.0,14.2
02/03/2017,215.5,100.0,14.4
09/03/2017,215.7,100.0,14.7
16/03/2017,216.3,100.0,14.9
23/03/2017,217.5,100.0,15.3
30/03/2017,217.7,100.0,15.4
06/04/2017,217.9,100.0,15.6
13/04/2017,218.3,100.0,15.7
20/04/2017,218.5,100.0,15.6
27/04/2017,220.2,100.0,15.8
04/05/2017,221.0,100.0,16.2
11/05/2017,222.4,100.0,16.8
18/05/2017,222.9,100.0,17.5
25/05/2017,222.4,96.0,17.6
01/06/2017,222.2,95.1,17.5
08/06/2017,222.4,96.7,17.1
15/06/2017,222.2,94.6,16.5
22/06/2017,222.1,94.0,16.1
29/06/2017,222.8,99.0,15.8
06/07/2017,223.0,100.0,15.6
13/07/2017,223.6,100.0,15.5
20/07/2017,224.1,100.0,15.6
27/07/2017,224.3,100.0,15.6
03/08/2017,224.3,100.0,15.6
10/08/2017,224.7,100.0,15.5
17/08/2017,224.6,99.3,15.3
24/08/2017,224.4,97.6,14.9
31/08/2017,223.3,89.9,14.3
07/09/2017,222.9,86.7,13.6
14/09/2017,222.8,85.5,12.8
21/09/2017,222.3,82.2,12.1
28/09/2017,222.9,86.7,11.7
05/10/2017,223.7,92.3,11.6
12/10/2017,224.3,97.0,11.7
19/10/2017,224.6,99.7,12.0
26/10/2017,226.6,100.0,12.5
02/11/2017,227.9,100.0,13.2
09/11/2017,228.7,100.0,13.9
16/11/2017,229.1,100.0,14.6
23/11/2017,229.6,100.0,14.9
30/11/2017,230.2,100.0,15.1
07/12/2017,230.6,100.0,15.1
14/12/2017,231.6,100.0,15.3
21/12/2017,231.8,100.0,15.5
28/12/2017,234.0,100.0,16.0
04/01/2018,235.5,100.0,16.8
11/01/2018,237.8,100.0,17.8
18/01/2018,238.4,100.0,18.9
25/01/2018,238.0,97.8,19.4
01/02/2018,237.6,94.8,19.4
08/02/2018,236.3,85.3,18.6
15/02/2018,235.2,77.5,17.4
22/02/2018,236.5,86.6,16.6
01/03/2018,235.8,81.8,15.7
08/03/2018,235.2,78.0,15.1
15/03/2018,235.9,82.5,14.9
22/03/2018,235.8,81.9,14.4
29/03/2018,235.6,80.4,14.0
05/04/2018,236.3,85.7,13.9
12/04/2018,236.6,87.5,13.7
19/04/2018,236.9,90.0,13.7
26/04/2018,237.9,97.0,13.8
03/05/2018,239.2,100.0,14.2
10/05/2018,240.0,100.0,14.6
17/05/2018,241.7,100.0,15.3
24/05/2018,242.2,100.0,16.0
31/05/2018,242.0,98.6,16.3
07/06/2018,242.2,99.6,16.4
14/06/2018,243.2,100.0,16.4
21/06/2018,243.0,99.1,16.2
28/06/2018,243.5,100.0,16.2
05/07/2018,243.4,99.8,16.1
12/07/2018,244.4,100.0,16.0
19/07/2018,244.8,100.0,16.0
26/07/2018,243.7,92.7,15.7
02/08/2018,243.3,89.9,15.3
09/08/2018,243.0,87.7,14.6
16/08/2018,243.0,87.6,13.9
23/08/2018,243.1,88.6,13.4
30/08/2018,244.0,94.5,13.3
06/09/2018,244.3,96.8,13.2
13/09/2018,244.5,97.9,13.2
20/09/2018,245.5,100.0,13.4
27/09/2018,245.8,100.0,13.4
04/10/2018,246.1,100.0,13.4
11/10/2018,245.8,97.9,13.3
18/10/2018,244.9,91.7,12.8
25/10/2018,244.6,89.7,12.2
01/11/2018,244.2,86.9,11.4
08/11/2018,245.4,95.3,11.0
15/11/2018,245.5,95.4,10.8
22/11/2018,244.6,89.8,10.6
29/11/2018,242.9,78.0,10.0
06/12/2018,243.8,84.3,9.4
13/12/2018,243.0,78.5,8.7
20/12/2018,241.3,66.7,7.8
27/12/2018,240.9,64.1,7.2
03/01/2019,242.5,75.0,6.7
10/01/2019,244.0,85.5,6.8
17/01/2019,245.1,93.2,7.5
24/01/2019,246.0,99.1,8.4
31/01/2019,244.9,91.7,8.8
07/02/2019,245.4,94.9,9.0
14/02/2019,245.0,92.1,8.8
21/02/2019,245.6,96.2,8.6
28/02/2019,246.8,100.0,8.9
07/03/2019,247.6,100.0,9.2
14/03/2019,247.9,100.0,9.6
21/03/2019,248.7,100.0,10.0
28/03/2019,249.9,100.0,10.5
04/04/2019,251.2,100.0,11.0
11/04/2019,252.5,100.0,11.8
18/04/2019,253.7,100.0,12.6
25/04/2019,255.2,100.0,13.4
02/05/2019,255.8,100.0,14.1
09/05/2019,255.7,99.7,14.5
16/05/2019,255.2,96.4,14.5
23/05/2019,254.5,91.9,14.1
30/05/2019,253.7,86.4,13.4
06/06/2019,252.7,80.1,12.6
13/06/2019,253.4,84.6,12.0
20/06/2019,254.1,88.8,11.8
27/06/2019,252.9,81.3,11.4
04/07/2019,252.3,76.9,11.2
11/07/2019,251.7,73.3,10.7
18/07/2019,251.8,74.0,10.1
25/07/2019,251.8,74.0,9.7
01/08/2019,253.5,85.0,9.8
08/08/2019,253.3,83.5,10.0
15/08/2019,253.3,83.7,10.2
22/08/2019,253.9,87.5,10.4
29/08/2019,252.2,76.8,10.0
05/09/2019,252.1,76.2,9.6
12/09/2019,252.5,78.7,9.3
19/09/2019,252.7,80.0,9.0
26/09/2019,253.4,84.2,9.1
03/10/2019,253.4,84.5,9.2
10/10/2019,252.9,81.2,9.2
17/10/2019,253.5,85.3,9.2
24/10/2019,253.8,87.3,9.2
31/10/2019,254.7,92.8,9.3
07/11/2019,255.4,97.3,9.7
14/11/2019,256.0,100.0,10.0
21/11/2019,256.4,100.0,10.4
28/11/2019,257.0,100.0,10.6
05/12/2019,256.7,98.6,10.7
12/12/2019,256.8,99.0,10.7
19/12/2019,256.9,99.9,10.6
26/12/2019,257.3,100.0,10.5
02/01/2020,257.3,100.0,10.4
09/01/2020,256.6,95.0,10.1
16/01/2020,256.7,95.9,9.8
23/01/2020,257.5,100.0,9.6
30/01/2020,258.6,100.0,9.7
06/02/2020,258.5,99.8,9.9
13/02/2020,260.4,100.0,10.4
20/02/2020,260.7,100.0,10.8
27/02/2020,260.3,97.6,11.0
05/03/2020,258.1,83.2,10.7
12/03/2020,256.7,73.9,9.7
19/03/2020,253.3,52.1,8.1
26/03/2020,249.6,28.3,5.9
04/03/2021,197.9,100.0,17.5
11/03/2021,200.0,100.0,20.7
18/03/2021,202.2,100.0,24.1
25/03/2021,204.2,100.0,27.7
01/04/2021,204.3,100.0,31.0
08/04/2021,205.3,100.0,33.9
15/04/2021,205.8,100.0,36.1
22/04/2021,206.5,100.0,37.6
29/04/2021,207.4,100.0,38.8
06/05/2021,207.8,100.0,39.2
13/05/2021,208.3,100.0,39.0
20/05/2021,207.8,95.9,37.9
27/05/2021,207.9,96.7,36.2
03/06/2021,206.9,88.6,34.0
10/06/2021,208.3,99.7,32.4
17/06/2021,209.0,100.0,31.3
24/06/2021,209.9,100.0,30.8
01/07/2021,209.8,99.4,30.6
08/07/2021,210.7,100.0,30.2
15/07/2021,212.2,100.0,30.1
22/07/2021,212.7,100.0,29.8
29/07/2021,213.6,100.0,29.8
05/08/2021,216.3,100.0,30.3
12/08/2021,218.9,100.0,31.1
19/08/2021,220.5,100.0,32.2
26/08/2021,221.0,100.0,33.2
02/09/2021,222.9,100.0,33.9
